Unnamed: 0,Unnamed: 0,count,mean,std,min,25%,50%,75%,max
1981,1,31.0,0.0024806451612903223,0.012981022542024925,0.0,0.0,0.0,0.0,0.0724
1981,2,28.0,0.06024285714285714,0.1880811121880789,0.0,0.0,0.0,0.011600000000000001,0.7875
1981,3,31.0,0.07221935483870967,0.29366813857295315,0.0,0.0,0.0,0.0001,1.6118
1981,4,30.0,0.04273,0.12039650914288628,0.0,0.0,0.00015000000000000001,0.009875,0.6019
1981,5,31.0,0.14859999999999998,0.5079241176921345,0.0,0.0,0.0,0.01225,2.76
1981,6,30.0,0.06344666666666668,0.16387346828939514,0.0,0.0,0.0,0.03505,0.7828
1981,7,31.0,0.07582580645161291,0.16414300668978038,0.0,0.0,0.0003,0.07035,0.7543
1981,8,31.0,0.060451612903225795,0.19308624820870046,0.0,0.0,0.0,0.0001,0.8048
1981,9,30.0,0.11212666666666667,0.396322880327725,0.0,0.0,0.0,0.0069500000000000004,2.1013
1981,10,31.0,0.18768709677419357,0.8569006919287421,0.0,0.0,0.0,0.0001,4.7419
1981,11,30.0,0.012610000000000001,0.0658288551656019,0.0,0.0,0.0,0.000375,0.361
1981,12,31.0,0.04667096774193548,0.129018275691336,0.0,0.0,0.0,0.028749999999999998,0.6899
1982,1,31.0,0.20256129032258066,0.42863324157716254,0.0,0.0,0.0102,0.14885,1.8545
1982,2,28.0,0.2902142857142858,1.0150070799659245,0.0,0.0,0.0012499999999999998,0.064475,5.3507
1982,3,31.0,0.09899677419354841,0.20814125569569494,0.0,0.0,0.0022,0.0529,0.8116
1982,4,30.0,0.08312999999999998,0.23472595047754352,0.0,0.0,0.0,0.019299999999999998,1.1032
1982,5,31.0,0.1467290322580645,0.3310801496048436,0.0,0.0,0.0014,0.0753,1.5125
1982,6,30.0,0.18349000000000001,0.37580163086210877,0.0,0.0,0.00185,0.129475,1.6041
1982,7,31.0,0.0989967741935484,0.2601082614141927,0.0,0.0,0.0028,0.038349999999999995,1.316
1982,8,31.0,0.1697935483870968,0.3681059312530239,0.0,0.0,0.0001,0.0915,1.3341
1982,9,30.0,0.09430666666666668,0.3337172227824168,0.0,0.0,0.0,0.00015000000000000001,1.3326
1982,10,31.0,0.12125806451612904,0.37436743428009644,0.0,0.0,0.0,0.004699999999999999,1.7516
1982,11,30.0,0.11438333333333334,0.30229450139675484,0.0,0.0,0.0005499999999999999,0.027725,1.4432
1982,12,31.0,0.07517419354838709,0.23769491786425428,0.0,0.0,0.0,0.00935,1.1736
1983,1,31.0,0.018180645161290324,0.06109428461732919,0.0,0.0,0.0,0.0029,0.3236
1983,2,28.0,0.11020714285714284,0.3376857403065003,0.0,0.0,0.0009499999999999999,0.016525,1.7344
1983,3,31.0,0.17553870967741933,0.4548353729115765,0.0,0.0,0.0015,0.15305000000000002,2.4226
1983,4,30.0,0.5191499999999999,1.29642528110291,0.0,0.0,0.0001,0.42775,6.0936
1983,5,31.0,0.05512580645161291,0.12415007039262856,0.0,0.0,0.0,0.036,0.4901
1983,6,30.0,0.13865333333333335,0.31799257715619206,0.0,0.0,0.01895,0.1072,1.5754
1983,7,31.0,0.031400000000000004,0.09144904227674194,0.0,0.0,0.0,0.0001,0.3372
1983,8,31.0,0.034238709677419356,0.11103634743458063,0.0,0.0,0.0,0.0121,0.6026
1983,9,30.0,0.05274,0.2296089623385962,0.0,0.0,0.0,7.500000000000001e-05,1.2501
1983,10,31.0,0.23534193548387095,0.6072231148291343,0.0,0.0,0.0,0.0269,2.9424
1983,11,30.0,0.17906999999999998,0.5115055998951898,0.0,0.0,0.00035,0.008925,2.2616
1983,12,31.0,0.17164193548387097,0.5251706470435386,0.0,0.0,0.0,0.00915,2.4517
1984,1,31.0,0.03717096774193547,0.055698008303998243,0.0,5e-05,0.0008,0.0658,0.1735
1984,2,29.0,0.23110344827586204,0.7986294038103918,0.0,0.0,0.0001,0.0099,3.7353
1984,3,31.0,0.23845161290322578,0.64079390960015,0.0,0.0,0.0002,0.0364,2.9749
1984,4,30.0,0.14181666666666665,0.37636981545881937,0.0,0.0,0.0008500000000000001,0.09795000000000001,1.7381
1984,5,31.0,0.16719677419354834,0.5622185669197054,0.0,0.0,0.0,0.1016,3.1329
1984,6,30.0,0.01857333333333333,0.045898703560185085,0.0,0.0,0.0,0.0002,0.172
1984,7,31.0,0.10430645161290325,0.19667382122943877,0.0,0.00015,0.03,0.0893,0.6989
1984,8,31.0,0.33865483870967744,1.0930259063226602,0.0,0.0,0.0138,0.09625,5.8575
1984,9,30.0,0.0221,0.06286539533825014,0.0,0.0,0.0,0.0,0.2886
1984,10,31.0,0.06786129032258065,0.2483192497269317,0.0,0.0,0.0,0.00145,1.288
1984,11,30.0,0.07849333333333333,0.1993136272887243,0.0,0.0,0.0,0.001175,0.7523
1984,12,31.0,0.02599354838709677,0.08445281102676558,0.0,0.0,0.0001,0.0034999999999999996,0.4441
1985,1,31.0,0.059216129032258064,0.18435677385036914,0.0,0.0,0.0001,0.00375,0.8152
1985,2,28.0,0.20403571428571426,0.7156060530219772,0.0,0.0,0.0,0.00315,3.6417
1985,3,31.0,0.024596774193548384,0.0886367850043873,0.0,0.0,0.0,0.002,0.3772
1985,4,30.0,0.09723666666666668,0.30053484792298546,0.0,0.0,0.0,0.0,1.3444
1985,5,31.0,0.2619483870967742,0.7135510273138462,0.0,0.0,0.0001,0.09745000000000001,3.5927
1985,6,30.0,0.048586666666666674,0.15311088777099752,0.0,0.0,0.0,0.030600000000000002,0.8321
1985,7,31.0,0.10545483870967741,0.19711453326887507,0.0,0.0,0.0188,0.11175,0.7409
1985,8,31.0,0.37360967741935475,1.3150006300010757,0.0,0.0,0.0057,0.07100000000000001,6.9792
1985,9,30.0,0.040159999999999994,0.19134447650678402,0.0,0.0,0.0,0.0043749999999999995,1.0499
1985,10,31.0,0.09874516129032258,0.2667281635407226,0.0,0.0,0.0,0.015050000000000001,1.2841
1985,11,30.0,0.4201766666666667,1.013158459432452,0.0,0.0,0.00105,0.30165,4.0242
1985,12,31.0,0.01696451612903226,0.08669207402597269,0.0,0.0,0.0,5e-05,0.4836
1986,1,31.0,0.006487096774193548,0.024771431689690225,0.0,0.0,0.0,0.00045,0.1354
1986,2,28.0,0.04695,0.12451170850789717,0.0,0.0,0.00165,0.02975,0.636
1986,3,31.0,0.031680645161290315,0.10262723621389801,0.0,0.0,0.0,0.0001,0.4208
1986,4,30.0,0.03768666666666667,0.08946025792007554,0.0,0.0,0.0,0.00075,0.3201
1986,5,31.0,0.1609,0.4971781156352988,0.0,0.0,0.0,0.0279,2.6266
1986,6,30.0,0.006216666666666667,0.025170276440515206,0.0,0.0,0.0,0.0,0.1279
1986,7,31.0,0.031951612903225804,0.05801200376340367,0.0,0.0,0.0,0.0432,0.1896
1986,8,31.0,0.15439677419354841,0.5608210674144777,0.0,0.0,0.0153,0.0635,3.1102
1986,9,30.0,0.10162666666666668,0.2926067208002428,0.0,0.0,0.0,0.005549999999999999,1.4458
1986,10,31.0,0.06533548387096774,0.18621122871332096,0.0,0.0,0.0,0.0002,0.766
1986,11,30.0,0.14437000000000003,0.4151902265725667,0.0,0.0,0.0007,0.0601,2.0533
1986,12,31.0,0.16973225806451614,0.4560836351570451,0.0,0.0,0.0,0.03185,2.0406
1987,1,31.0,0.05603870967741935,0.17476515228046152,0.0,0.0,0.0002,0.0089,0.9052
1987,2,28.0,0.11721428571428572,0.2910269959659282,0.0,0.0,0.00025,0.086425,1.4485
1987,3,31.0,0.19125161290322584,0.5143836135745173,0.0,0.0,0.0002,0.036250000000000004,2.1466
1987,4,30.0,0.9165599999999999,2.463298665946777,0.0,0.0,0.0002,0.2032,10.3673
1987,5,31.0,0.0823032258064516,0.2205610761729745,0.0,0.0,0.0,0.01925,1.0671
1987,6,30.0,0.01903,0.035490204087985984,0.0,0.0,0.0,0.016275,0.1298
1987,7,31.0,0.14845483870967743,0.31032869008919084,0.0,0.0,0.0004,0.12765,1.2848
1987,8,31.0,0.023612903225806454,0.07845161456564798,0.0,0.0,0.0,0.0029,0.4194
1987,9,30.0,0.34217,0.8493356016566005,0.0,0.0,0.0,0.29745,4.2279
1987,10,31.0,0.0346,0.140485230540438,0.0,0.0,0.0,0.0,0.7515
1987,11,30.0,0.19272333333333333,0.6577942963672863,0.0,0.0,0.0,0.013325,3.3225
1987,12,31.0,0.07186129032258065,0.17029120485689478,0.0,0.0,0.0,0.0024000000000000002,0.6954
1988,1,31.0,0.024451612903225804,0.059677354001707886,0.0,0.0,0.0,0.00615,0.2595
1988,2,29.0,0.01613103448275862,0.06343535012372992,0.0,0.0,0.0,0.0017,0.3411
1988,3,31.0,0.013887096774193548,0.06081180116795031,0.0,0.0,0.0,0.0013,0.3379
1988,4,30.0,0.09412666666666668,0.20192385545620614,0.0,0.0,0.0003,0.040475,0.777
1988,5,31.0,0.04262258064516129,0.10256729078894958,0.0,0.0,0.0001,0.04505,0.5351
1988,6,30.0,0.13304666666666665,0.31371433714979197,0.0,0.0,0.0,0.020725,1.1543
1988,7,31.0,0.19867419354838708,0.5010631397124464,0.0,0.0,0.0003,0.0846,2.2671
1988,8,31.0,0.2134290322580645,0.5967900346540361,0.0,0.0,0.0066,0.0713,3.0357
1988,9,30.0,0.06686,0.2235679601990996,0.0,0.0,0.0,0.014575,0.9188
1988,10,31.0,0.01783225806451613,0.06504236766445275,0.0,0.0,0.0,0.0,0.3463
1988,11,30.0,0.13917333333333334,0.4208128201578411,0.0,0.0,5e-05,0.0053750000000000004,2.1044
1988,12,31.0,0.028090322580645158,0.13399360520770812,0.0,0.0,0.0,0.0,0.7451
1989,1,31.0,0.04110322580645161,0.11295582169996363,0.0,0.0,0.0001,0.00785,0.5464
1989,2,28.0,0.01792857142857143,0.037882223497873735,0.0,0.0,0.0009,0.0149,0.152
1989,3,31.0,0.06345483870967743,0.17610582204782385,0.0,0.0,0.0001,0.02265,0.9034
1989,4,30.0,0.11711666666666666,0.29569709814364886,0.0,0.0,0.00085,0.065675,1.4664
1989,5,31.0,0.2863838709677419,0.734270295416601,0.0,0.0,0.0,0.013150000000000002,3.4518
1989,6,30.0,0.2924733333333333,0.4684368650157105,0.0,0.000575,0.03745,0.5357000000000001,1.902
1989,7,31.0,0.3554645161290322,0.9156107843213684,0.0,5e-05,0.026,0.1878,4.7491
1989,8,31.0,0.030038709677419353,0.09877047358200175,0.0,0.0,0.0,0.00345,0.4324
1989,9,30.0,0.7129466666666667,2.0021909791669406,0.0,0.0,0.0015,0.11172499999999999,9.68
1989,10,31.0,0.12916451612903226,0.3916863435185415,0.0,0.0,0.0,5e-05,1.6565
1989,11,30.0,0.26437666666666665,1.3891500543766728,0.0,0.0,0.00105,0.010100000000000001,7.6184
1989,12,31.0,0.03736451612903226,0.1158688930023559,0.0,0.0,0.0,0.01,0.5582
1990,1,31.0,0.03514193548387097,0.0960083669068953,0.0,0.0,0.0013,0.008150000000000001,0.4711
1990,2,28.0,0.08820357142857142,0.1932335518028069,0.0,0.0,0.00030000000000000003,0.072175,0.897
1990,3,31.0,0.08470967741935484,0.18369579446254564,0.0,0.0,0.0003,0.02915,0.7397
1990,4,30.0,0.05900999999999999,0.10495584408167347,0.0,0.0,0.0003,0.063525,0.3368
1990,5,31.0,0.27639032258064516,0.7161541069513082,0.0,0.0,0.0003,0.0733,3.0636
1990,6,30.0,0.019996666666666666,0.06630226231815735,0.0,0.0,0.0,0.0,0.3271
1990,7,31.0,0.24523870967741934,0.6352641265266067,0.0,0.0,0.0001,0.029849999999999998,2.5884
1990,8,31.0,0.18940322580645158,0.4986190426126081,0.0,0.0,0.0,0.09765,2.5758
1990,9,30.0,0.017599999999999998,0.04622934580753986,0.0,0.0,0.0,0.0031000000000000003,0.2091
1990,10,31.0,0.8151064516129033,2.333532491300901,0.0,0.0,0.0,0.074,11.6473
1990,11,30.0,0.04737333333333334,0.21150081100901558,0.0,0.0,0.0,0.0,1.1402
1990,12,31.0,0.07210322580645159,0.13845815850253815,0.0,0.0,0.0018,0.0511,0.5038
1991,1,31.0,0.12242258064516127,0.5169205591511316,0.0,0.0,0.0,0.00045000000000000004,2.8319
1991,2,28.0,0.03489642857142857,0.10203310821472446,0.0,0.0,0.0,0.010125,0.5223
1991,3,31.0,0.27732903225806455,0.7982424987406389,0.0,0.0,0.0021,0.09534999999999999,4.2789
1991,4,30.0,0.07547000000000001,0.13999496579618806,0.0,0.0,0.0026,0.086425,0.5097
1991,5,31.0,0.07160967741935484,0.17662911680474935,0.0,0.0,0.0,0.054150000000000004,0.8597
1991,6,30.0,0.14006666666666667,0.42803535249848895,0.0,0.0,0.0,0.010525,2.1477
1991,7,31.0,0.18541290322580647,0.3780832216518258,0.0,0.0,0.0005,0.27954999999999997,1.7857
1991,8,31.0,0.04649032258064516,0.10794822016392458,0.0,0.0,0.0,0.0267,0.5102
1991,9,30.0,0.005586666666666667,0.014747220271872473,0.0,0.0,0.0,0.00015000000000000001,0.0704
1991,10,31.0,0.007929032258064515,0.03471892081222562,0.0,0.0,0.0,0.0,0.1859
1991,11,30.0,0.09962666666666667,0.45923526833003686,0.0,0.0,0.0,0.0021,2.5089
1991,12,31.0,0.11732903225806453,0.3071247772415945,0.0,0.0,0.0,0.02815,1.5104
1992,1,31.0,0.17622903225806455,0.6587074207332357,0.0,0.0,0.0,0.0003,3.2215
1992,2,29.0,0.1510206896551724,0.5269722752122397,0.0,0.0,0.0,0.037,2.784
1992,3,31.0,0.09526774193548387,0.2606421971299566,0.0,0.0,0.0004,0.0171,1.3315
1992,4,30.0,0.5854666666666668,2.6141054002618485,0.0,0.0,0.0,0.003025,14.1818
1992,5,31.0,0.5431193548387095,1.5125806209740487,0.0,0.0,0.0,0.15234999999999999,6.3232
1992,6,30.0,0.32905,0.705037146857012,0.0,0.0,0.0008500000000000001,0.116525,2.25
1992,7,31.0,0.10906129032258063,0.24490900579251793,0.0,0.0,0.0,0.044950000000000004,0.8711
1992,8,31.0,0.12669999999999998,0.4418968499548283,0.0,0.0,0.0,0.0107,1.9266
1992,9,30.0,0.11499333333333332,0.31742926655298787,0.0,0.0,5e-05,0.0534,1.2843
1992,10,31.0,0.1115193548387097,0.35927092508704783,0.0,0.0,0.0,0.0009,1.7647
1992,11,30.0,0.5124766666666667,1.2334021640982709,0.0,0.0,0.00025,0.488325,6.2604
1992,12,31.0,0.0897483870967742,0.171102019997754,0.0,0.0,0.0,0.07985,0.6525
1993,1,31.0,0.34489677419354836,0.730832321618701,0.0,0.0,0.0,0.29269999999999996,2.8279
1993,2,28.0,0.171025,0.48445711550070064,0.0,0.0,0.0,0.004824999999999999,1.7808
1993,3,31.0,0.7647354838709676,2.3370096481826774,0.0,0.0,0.0033,0.19974999999999998,12.4709
1993,4,30.0,0.24567999999999998,0.49007503324174395,0.0,0.0,0.0,0.020375,1.4724
1993,5,31.0,0.2250774193548387,0.45608338616944255,0.0,0.0,0.0,0.1513,1.6521
1993,6,30.0,0.3313433333333334,0.9774169080773071,0.0,0.0,0.0,0.045524999999999996,3.931
1993,7,31.0,0.21200645161290327,0.5443737398365722,0.0,0.0,0.0002,0.0495,2.4653
1993,8,31.0,0.013170967741935487,0.06293064009181529,0.0,0.0,0.0,0.00045000000000000004,0.3511
1993,9,30.0,0.11947666666666666,0.22531817148711916,0.0,0.0,0.0025,0.15905,0.9306
1993,10,31.0,0.06607096774193548,0.2466096080766095,0.0,0.0,0.0,0.0028499999999999997,1.1382
1993,11,30.0,0.18638999999999997,0.6825117466969418,0.0,0.0,0.0,0.00035,3.489
1993,12,31.0,0.30686451612903215,1.2920956676522026,0.0,0.0,0.0,0.006200000000000001,7.0892
1994,1,31.0,0.2849903225806452,0.8853775689331036,0.0,0.0,0.0001,0.0858,4.4936
1994,2,28.0,0.26406071428571426,0.6325779467937853,0.0,0.0,0.00095,0.046,2.2716
1994,3,31.0,0.2718967741935484,0.7542865041365786,0.0,0.0,0.0034,0.0745,3.4866
1994,4,30.0,0.14744,0.47055548069679637,0.0,0.0,0.00015,0.06115000000000001,2.4848
1994,5,31.0,0.03798064516129032,0.1521227167330263,0.0,0.0,0.0,0.001,0.8021
1994,6,30.0,0.06911333333333335,0.18160909086567625,0.0,0.0,0.0,0.018275,0.7078
1994,7,31.0,0.1725290322580645,0.43289923707759703,0.0,0.0,0.0002,0.08025,1.7566
1994,8,31.0,0.20707096774193548,0.7601312010407804,0.0,0.0,0.0001,0.01245,4.1394
1994,9,30.0,0.011246666666666667,0.03487374007941271,0.0,0.0,0.0,0.0,0.1615
1994,10,31.0,0.040435483870967744,0.11090887715714225,0.0,0.0,0.0,0.01005,0.5392
1994,11,30.0,0.05174333333333333,0.13465343173555186,0.0,0.0,0.0,0.0001,0.52
1994,12,31.0,0.06604516129032259,0.16709042230423157,0.0,0.0,0.0,0.01475,0.64
1995,1,31.0,0.4701129032258065,1.9907543136111223,0.0,0.0,0.0023,0.01715,10.9669
1995,2,28.0,0.22476071428571426,0.9177472977206437,0.0,0.0,5e-05,0.001825,4.8222
1995,3,31.0,0.07462903225806451,0.204266016415765,0.0,0.0,0.0,0.0017499999999999998,0.8807
1995,4,30.0,0.019356666666666664,0.08384764789468613,0.0,0.0,0.0002,0.00085,0.4589
1995,5,31.0,0.22868709677419358,0.522952049900011,0.0,0.0,0.0,0.11245,2.1693
1995,6,30.0,1.1309566666666668,3.3982061512919084,0.0,0.0,0.006,0.33305,17.7875
1995,7,31.0,0.15824193548387094,0.5409987041107052,0.0,0.0,0.0001,0.029849999999999998,2.83
1995,8,31.0,0.04089354838709677,0.2239784319013535,0.0,0.0,0.0,5e-05,1.2476
1995,9,30.0,0.06097666666666667,0.22396077347935564,0.0,0.0,0.0,0.0026750000000000003,1.2062
1995,10,31.0,0.18715161290322582,0.6487664067911079,0.0,0.0,0.0,0.00305,3.468
1995,11,30.0,0.19132666666666667,0.6306999592315768,0.0,0.0,0.0001,0.015275,3.1263
1995,12,31.0,0.0388516129032258,0.12032498457917411,0.0,0.0,0.0,0.00625,0.6516
1996,1,31.0,0.5263774193548386,1.7686836541544442,0.0,0.0,0.001,0.08505,8.634
1996,2,29.0,0.24321379310344832,0.7541884298105472,0.0,0.0,0.001,0.0367,3.2406
1996,3,31.0,0.18679677419354843,0.588332951359954,0.0,0.0,0.0,0.00345,2.5796
1996,4,30.0,0.06440666666666667,0.1888360846093106,0.0,0.0,0.0001,0.036724999999999994,1.0057
1996,5,31.0,0.12612903225806452,0.3012112262112734,0.0,0.0,0.0005,0.0867,1.4155
1996,6,30.0,0.39923333333333333,1.0621472997832182,0.0,0.0,0.0,0.07980000000000001,4.2159
1996,7,31.0,0.16590322580645162,0.4307015165083362,0.0,0.0,0.0,0.044649999999999995,1.9397
1996,8,31.0,0.5621354838709677,2.401332333594329,0.0,0.0,0.0002,0.0751,13.3037
1996,9,30.0,1.2392666666666665,3.8343404480124565,0.0,0.0,0.017349999999999997,0.14192500000000002,20.2889
1996,10,31.0,0.10216451612903225,0.42922974465771213,0.0,0.0,0.0,0.00655,2.3152
1996,11,30.0,0.4095866666666666,1.9168974121693654,0.0,0.0,0.00015000000000000001,0.005875,10.5278
1996,12,31.0,0.18437741935483867,0.4909938877485662,0.0,0.0,0.0003,0.101,2.2944
1997,1,31.0,0.10266451612903225,0.3096098518548649,0.0,0.0,0.0003,0.10655,1.7076
1997,2,28.0,0.09267500000000002,0.2620495918926628,0.0,0.0,0.0014,0.0718,1.3302
1997,3,31.0,0.18161612903225807,0.47926024947953166,0.0,0.0,0.0,0.06195,2.0746
1997,4,30.0,0.10572333333333335,0.2994694799754753,0.0,0.0,0.0,0.020775,1.4589
1997,5,31.0,0.02193548387096774,0.046326144874408996,0.0,0.0,0.0,0.016900000000000002,0.2137
1997,6,30.0,0.3187366666666666,0.9693778781662813,0.0,0.0,0.0,0.05255,4.8219
1997,7,31.0,0.10346129032258064,0.27580848268006475,0.0,0.0,0.0,0.040400000000000005,1.342
1997,8,31.0,0.15644193548387098,0.6183796529501887,0.0,0.0,0.0,0.0005499999999999999,3.2626
1997,9,30.0,0.25455,0.7331752981099544,0.0,0.0,0.0,0.086225,3.2726
1997,10,31.0,0.038493548387096774,0.11141480133711701,0.0,0.0,0.0,0.00125,0.5668
1997,11,30.0,0.13456,0.4592281775266875,0.0,0.0,0.001,0.0149,2.0594
1997,12,31.0,0.038638709677419364,0.08642385348740764,0.0,0.0,0.0,0.0012000000000000001,0.2959
1998,1,31.0,0.6663999999999999,1.775457055521198,0.0,0.0,0.0762,0.27425,8.8944
1998,2,28.0,0.5870464285714286,1.3878769724754112,0.0,0.0,0.06555,0.19035,5.6853
1998,3,31.0,0.6434225806451614,2.6125762382126028,0.0,0.0,0.0,0.0008500000000000001,14.4313
1998,4,30.0,0.32699999999999996,0.8661095626320949,0.0,0.0,0.0001,0.00355,3.1674
1998,5,31.0,0.44236129032258076,0.7674111156685267,0.0,0.0,0.0072,0.67765,2.9598
1998,6,30.0,0.16383333333333333,0.4554664114443819,0.0,0.0,0.0015,0.1159,2.4191
1998,7,31.0,0.05911612903225806,0.16077412332581012,0.0,0.0,0.0,0.00715,0.7535
1998,8,31.0,0.11295483870967742,0.4772669552348454,0.0,0.0,0.0,0.0001,2.6327
1998,9,30.0,0.00635,0.02435808652809873,0.0,0.0,0.0,0.0,0.1296
1998,10,31.0,0.08602903225806452,0.47119482679216534,0.0,0.0,0.0,0.0,2.6248
1998,11,30.0,0.020023333333333334,0.08071295961972104,0.0,0.0,0.0,0.00035,0.4079
1998,12,31.0,0.09810000000000002,0.30089211466348975,0.0,0.0,0.0003,0.006,1.541
1999,1,31.0,0.40700000000000003,1.4945879775599251,0.0,0.0,0.0,0.0259,8.2436
1999,2,28.0,0.16084285714285715,0.6031517691375501,0.0,0.0,0.00039999999999999996,0.013425,3.1826
1999,3,31.0,0.13394516129032255,0.3590302761965994,0.0,0.0,0.0003,0.0304,1.7119
1999,4,30.0,0.30493333333333333,1.1578059912322678,0.0,0.0,0.0014,0.026325,6.307
1999,5,31.0,0.21742258064516132,0.7762982900533689,0.0,0.0,0.0,0.0,4.073
1999,6,30.0,0.031663333333333335,0.08504146446387742,0.0,0.0,0.0,0.0025499999999999997,0.4264
1999,7,31.0,0.32914193548387105,0.9170437771354188,0.0,0.0,0.0,0.061399999999999996,3.9422
1999,8,31.0,0.14129032258064514,0.45231488468015935,0.0,0.0,0.0,0.0002,2.3552
1999,9,30.0,0.5320000000000001,2.169599215809543,0.0,0.0,0.0,0.1341,11.9237
1999,10,31.0,0.013964516129032259,0.05263452953076268,0.0,0.0,0.0,0.0,0.2214
1999,11,30.0,0.09422333333333333,0.37646256734129013,0.0,0.0,0.0,0.00055,1.8759
1999,12,31.0,0.11809032258064515,0.4696029665968468,0.0,0.0,0.0,0.00165,2.4888
2000,1,31.0,0.06775806451612901,0.286661416743625,0.0,0.0,0.0,0.0004,1.5664
2000,2,29.0,0.07347586206896553,0.2128371705841487,0.0,0.0,0.0,0.0083,1.0118
2000,3,31.0,0.12735483870967743,0.3957574213569971,0.0,0.0,0.0,0.00045,2.0385
2000,4,30.0,0.49653333333333316,1.8115984533256682,0.0,0.0,0.0005,0.04085,9.5596
2000,5,31.0,0.09323548387096774,0.28670387225426763,0.0,0.0,0.0,0.0046500000000000005,1.4964
2000,6,30.0,0.4093766666666667,0.946647471682927,0.0,0.0,0.0,0.251625,3.7345
2000,7,31.0,0.2953225806451613,0.7839345672991156,0.0,0.0,0.0001,0.08195,3.3727
2000,8,31.0,0.26389032258064515,1.0817031996978466,0.0,0.0,0.0,0.0498,6.0149
2000,9,30.0,0.4102633333333333,1.0914327535426755,0.0,0.0,0.0,0.0966,5.2152
2000,10,31.0,6.451612903225806e-06,2.4973103811470745e-05,0.0,0.0,0.0,0.0,0.0001
2000,11,30.0,0.05749333333333333,0.1641390094912895,0.0,0.0,0.0,0.001575,0.6811
2000,12,31.0,0.060470967741935486,0.2791615902346983,0.0,0.0,0.0,0.00085,1.5535
2001,1,31.0,0.0633193548387097,0.23375560516538754,0.0,0.0,0.0,0.00155,1.2877
2001,2,28.0,0.024260714285714285,0.08496537133089473,0.0,0.0,0.0,0.0017,0.4183
2001,3,31.0,0.2757838709677419,1.0188902499277581,0.0,0.0,0.0,0.0105,5.3364
2001,4,30.0,0.038540000000000005,0.1856178380250762,0.0,0.0,0.0,7.500000000000001e-05,1.0182
2001,5,31.0,0.6071096774193548,1.6668163292846316,0.0,0.0,0.0012,0.25145,6.9623
2001,6,30.0,0.12408666666666666,0.29672117962286004,0.0,0.0,0.0,0.090375,1.4136
2001,7,31.0,0.1584516129032258,0.40443564289922784,0.0,0.0,0.0,0.030699999999999998,1.8577
2001,8,31.0,0.0867516129032258,0.2751188141766726,0.0,0.0,0.0,0.05525,1.4682
2001,9,30.0,0.07318333333333334,0.2648814674181815,0.0,0.0,0.0,0.0,1.392
2001,10,31.0,0.09667096774193548,0.5364421933402503,0.0,0.0,0.0,0.0,2.9871
2001,11,30.0,0.00413,0.01636961335460647,0.0,0.0,0.0,0.0,0.0855
2001,12,31.0,0.11987096774193548,0.534085619973395,0.0,0.0,0.0,0.0064,2.9835
2002,1,31.0,0.05547096774193548,0.1842946213603793,0.0,0.0,0.0,0.00285,0.9788
2002,2,28.0,0.009503571428571429,0.03738611826098476,0.0,0.0,0.0,2.5e-05,0.1871
2002,3,31.0,0.19066774193548391,0.3856549981413412,0.0,0.0,0.0,0.13145,1.7031
2002,4,30.0,0.08465333333333333,0.22000065788825351,0.0,0.0,0.0,0.02205,0.9877
2002,5,31.0,0.2988387096774194,1.0056138084697062,0.0,0.0,0.0,0.07455,5.4233
2002,6,30.0,0.10386999999999999,0.26057683114781044,0.0,0.0,0.0,0.012400000000000001,1.1894
2002,7,31.0,0.1342516129032258,0.31327832446667153,0.0,0.0,0.0005,0.10385,1.5739
2002,8,31.0,0.029551612903225805,0.07484125364604623,0.0,0.0,0.0,0.02195,0.389
2002,9,30.0,0.1442166666666667,0.3362357250740795,0.0,0.0,0.0,0.0257,1.2822
2002,10,31.0,0.27936451612903224,0.6225769315505713,0.0,0.0,0.0,0.14915,2.6007
2002,11,30.0,0.35676666666666657,1.0691796482490143,0.0,0.0,0.0,0.0221,5.3914
2002,12,31.0,0.1584967741935484,0.4204020373276602,0.0,0.0,0.0,0.0117,1.8864
2003,1,31.0,0.04436129032258065,0.17699796736576645,0.0,0.0,0.0,0.0011,0.9469
2003,2,28.0,0.28263214285714283,0.9350876691137423,0.0,0.0,0.0061,0.13585,4.9075
2003,3,31.0,0.21922580645161288,0.7657309536069623,0.0,0.0,0.0,0.0368,3.6668
2003,4,30.0,0.32385666666666674,0.7952708090843076,0.0,0.0,0.0,0.17065,3.6103
2003,5,31.0,0.5808967741935485,1.1075434969588844,0.0,0.0,0.0416,0.4471,3.9416
2003,6,30.0,0.66249,1.3737095881790928,0.0,0.0,0.041650000000000006,0.5478999999999999,5.7859
2003,7,31.0,0.4466419354838709,0.8243969471778317,0.0,0.0,0.0116,0.44420000000000004,3.0639
2003,8,31.0,0.2591806451612903,0.7961679527249487,0.0,0.0,0.0002,0.0699,3.5262
2003,9,30.0,0.39284,0.7862948541451688,0.0,0.0,0.00015,0.2067,3.097
2003,10,31.0,0.1645225806451613,0.6613213942351467,0.0,0.0,0.0,0.0047,3.4755
2003,11,30.0,0.5446266666666667,1.626978668010407,0.0,0.0,0.0,0.061024999999999996,6.4616
2003,12,31.0,0.08588387096774193,0.2605370237244274,0.0,0.0,0.0007,0.06105,1.4192
2004,1,31.0,0.05444516129032257,0.14457508277410663,0.0,0.0,0.0,0.00045,0.5459
2004,2,29.0,0.23524482758620693,1.096675125936251,0.0,0.0,0.0003,0.0159,5.9245
2004,3,31.0,0.10490000000000002,0.30506965761937055,0.0,0.0,0.0,0.0017000000000000001,1.1454
2004,4,30.0,0.17138333333333336,0.45496929497254673,0.0,0.0,0.0,0.002225,2.0318
2004,5,31.0,0.20009999999999997,0.3632681131065594,0.0,0.0,0.0082,0.21389999999999998,1.4442
2004,6,30.0,0.36972000000000005,0.7497502169803413,0.0,0.0,0.0001,0.265175,2.7988
2004,7,31.0,0.26105806451612906,0.6878973425224598,0.0,0.0,0.0075,0.20165,3.6116
2004,8,31.0,0.12170645161290322,0.28002389057064875,0.0,0.0,0.0,0.0619,1.3025
2004,9,30.0,2.023426666666667,6.714952588013139,0.0,0.0,0.0,0.0,26.9394
2004,10,31.0,0.1260451612903226,0.5371160699133286,0.0,0.0,0.0,0.013949999999999999,2.9789
2004,11,30.0,0.28834666666666664,0.7703265038765787,0.0,0.0,0.0,0.00425,3.4181
2004,12,31.0,0.1875967741935484,0.5959455637801553,0.0,0.0,0.0,0.0,3.028
2005,1,31.0,0.21186774193548386,1.0839272870406935,0.0,0.0,0.0,0.00295,6.0469
2005,2,28.0,0.024557142857142854,0.05388905907353261,0.0,0.0,0.0,0.0108,0.2147
2005,3,31.0,0.1739709677419355,0.5862984661947919,0.0,0.0,0.0012,0.0627,3.2261
2005,4,30.0,0.09986,0.28222545108721026,0.0,0.0,0.0,0.02155,1.2596
2005,5,31.0,0.09483548387096773,0.46794070817315253,0.0,0.0,0.0,0.00039999999999999996,2.6044
2005,6,30.0,0.14751,0.33766945717719987,0.0,0.0,0.0097,0.15435,1.7069
2005,7,31.0,0.306525806451613,0.6945484014656533,0.0,0.0,0.0077,0.1099,2.7567
2005,8,31.0,0.11251935483870967,0.2504124336893769,0.0,0.0,0.0042,0.0812,1.2882
2005,9,30.0,0.00393,0.01767460968695509,0.0,0.0,0.0,0.0,0.0957
2005,10,31.0,0.4068483870967742,1.246897366231069,0.0,0.0,0.0,0.0031999999999999997,5.2839
2005,11,30.0,0.24316333333333334,0.8498786406197119,0.0,0.0,0.0,0.0009750000000000001,4.5453
2005,12,31.0,0.03531935483870967,0.058579583584242256,0.0,0.0,0.0025,0.04815,0.2113
2006,1,31.0,0.25055483870967743,0.8571502959764251,0.0,0.0,0.0,0.04115,4.6654
2006,2,28.0,0.04106785714285714,0.14902753176801845,0.0,0.0,0.0,0.0015,0.7666
2006,3,31.0,0.0064,0.01646090317489697,0.0,0.0,0.0,0.00055,0.072
2006,4,30.0,0.13053333333333336,0.3659337902552519,0.0,0.0,0.00045,0.007625,1.7513
2006,5,31.0,0.06705483870967742,0.21740917465876738,0.0,0.0,0.0,0.0032500000000000003,1.0233
2006,6,30.0,0.7048433333333334,1.811359491478104,0.0,0.0,0.0,0.096275,6.9096
2006,7,31.0,0.14538064516129032,0.42586674161397386,0.0,0.0,0.0,0.0188,1.7088
2006,8,31.0,0.1925677419354839,0.6911308869705731,0.0,0.0,0.0002,0.0087,3.4554
2006,9,30.0,0.20102,0.6107894791677972,0.0,0.0,0.0,0.049625,3.1857
2006,10,31.0,0.37416451612903223,0.7925062100906579,0.0,0.0,0.0,0.31,2.9915
2006,11,30.0,0.3693666666666667,1.5100889661695849,0.0,0.0,0.0,0.004175,8.2458
2006,12,31.0,0.12154193548387097,0.44205453945125633,0.0,0.0,0.0,5e-05,2.0549
2007,1,31.0,0.14679677419354836,0.5235004791362791,0.0,0.0,0.0,0.0018,2.8286
2007,2,28.0,0.029939285714285717,0.06190928452649094,0.0,0.0,0.0,0.028525000000000002,0.2647
2007,3,31.0,0.2681741935483871,0.8759083387994973,0.0,0.0,0.0,0.0031,4.2118
2007,4,30.0,0.2122766666666667,0.79560195414339,0.0,0.0,0.0,0.0046749999999999995,4.1219
2007,5,31.0,0.07153225806451612,0.17622733118919012,0.0,0.0,0.0,0.0157,0.7286
2007,6,30.0,0.26526666666666665,0.786918650807379,0.0,0.0,0.0007,0.030125,3.9082
2007,7,31.0,0.15579677419354837,0.34451102206254675,0.0,0.0,0.0,0.1287,1.3469
2007,8,31.0,0.04432903225806451,0.10639025705250893,0.0,0.0,0.0,0.010499999999999999,0.509
2007,9,30.0,0.17722333333333334,0.7446039751314848,0.0,0.0,0.0,0.0,3.9167
2007,10,31.0,0.2558354838709677,0.7890535450983399,0.0,0.0,0.0,5e-05,3.3205
2007,11,30.0,0.006293333333333332,0.018838825157990433,0.0,0.0,0.0,0.000675,0.0865
2007,12,31.0,0.0509741935483871,0.15786538351338444,0.0,0.0,0.0,0.033299999999999996,0.8596
2008,1,31.0,0.022819354838709668,0.05351877190516016,0.0,0.0,0.0004,0.00575,0.2419
2008,2,29.0,0.16503103448275863,0.5133621529426293,0.0,0.0,0.0002,0.0936,2.7198
2008,3,31.0,0.2710225806451612,0.7887673901768834,0.0,0.0,0.0,0.013349999999999999,3.2584
2008,4,30.0,0.4173599999999999,1.4693686945126445,0.0,0.0,0.00015000000000000001,0.13775,8.0224
2008,5,31.0,0.18440322580645158,0.6700604631841675,0.0,0.0,0.0,0.0177,3.6634
2008,6,30.0,0.25001999999999996,0.6445341982312927,0.0,0.0,0.0012499999999999998,0.017125,3.096
2008,7,31.0,0.25686129032258065,1.002136918349124,0.0,0.0,0.0,0.08610000000000001,5.5873
2008,8,31.0,0.18063870967741935,0.8155689918404286,0.0,0.0,0.0,0.0016,4.4827
2008,9,30.0,0.13047333333333333,0.5318439425850104,0.0,0.0,0.0,0.00115,2.8511
2008,10,31.0,0.029509677419354837,0.10109450810945404,0.0,0.0,0.0,0.0,0.414
2008,11,30.0,0.10237999999999998,0.3408887890247472,0.0,0.0,0.0,0.00027499999999999996,1.6389
2008,12,31.0,0.13813225806451612,0.5123408340724603,0.0,0.0,0.0001,0.02455,2.7981
2009,1,31.0,0.18950322580645163,0.797570783267905,0.0,0.0,0.0,0.001,4.396
2009,2,28.0,0.045710714285714285,0.13502436635875026,0.0,0.0,0.0,5e-05,0.5985
2009,3,31.0,0.1267548387096774,0.2371027088819101,0.0,0.0,0.0,0.09295,0.7582
2009,4,30.0,0.1769166666666667,0.529535286234842,0.0,0.0,0.0,0.02665,2.2814
2009,5,31.0,0.48901935483870973,0.8784707752374216,0.0,0.0,0.007,0.53465,3.1235
2009,6,30.0,0.3201733333333333,0.7535458363896851,0.0,0.0,0.0,0.24152500000000002,3.3947
2009,7,31.0,0.2056612903225806,0.5157778705847569,0.0,0.0,0.0,0.06275,2.4823
2009,8,31.0,0.1667483870967742,0.49286122919875913,0.0,0.0,0.0004,0.03925,2.5603
2009,9,30.0,0.2594033333333334,0.9670733376188868,0.0,0.0,0.00025,0.0092,4.7685
2009,10,31.0,0.07940322580645161,0.24290981108753232,0.0,0.0,0.0,0.00075,1.0506
2009,11,30.0,0.41755999999999993,1.294482783838847,0.0,0.0,0.0,0.021575,6.4274
2009,12,31.0,0.37888709677419347,0.782092071622404,0.0,0.0,0.0215,0.33985,3.7051
2010,1,31.0,0.28831290322580644,1.009596357211447,0.0,0.0,0.0,0.0233,4.9174
2010,2,28.0,0.08372142857142857,0.15007066324986362,0.0,0.0009,0.00845,0.07454999999999999,0.5893
2010,3,31.0,0.4180709677419355,1.2748326157300147,0.0,0.0,0.0,0.0071,6.0259
2010,4,30.0,0.11304666666666668,0.30913570029260984,0.0,0.0,0.0,0.0,1.2413
2010,5,31.0,0.17988387096774192,0.4755590815708561,0.0,0.0,0.0,0.048549999999999996,2.1851
2010,6,30.0,0.04577,0.17878838801682612,0.0,0.0,0.0,0.0007250000000000001,0.9666
2010,7,31.0,0.1269064516129032,0.3308808334687719,0.0,0.0,0.0,0.0584,1.6542
2010,8,31.0,0.1668709677419355,0.3735678860158694,0.0,0.0,0.0,0.16294999999999998,1.7679
2010,9,30.0,0.2770666666666667,0.8842952624911931,0.0,0.0,0.0,0.000725,4.3935
2010,10,31.0,0.09366774193548387,0.30831962461823803,0.0,0.0,0.0,0.0006000000000000001,1.5053
2010,11,30.0,0.06533666666666667,0.25406520814252725,0.0,0.0,0.0,0.0,1.3565
2010,12,31.0,0.2140645161290323,1.1377907120229065,0.0,0.0,0.0,0.00775,6.3421
2011,1,31.0,0.018254838709677413,0.0444245265494162,0.0,0.0,0.0,0.00425,0.1656
2011,2,28.0,0.10614285714285716,0.3117859895512037,0.0,0.0,0.0,0.00085,1.4008
2011,3,31.0,0.22143225806451616,0.9313568533371431,0.0,0.0,0.0,0.008,5.1585
2011,4,30.0,0.43689999999999996,1.0790150591771344,0.0,0.0,0.0,0.051574999999999996,4.1367
2011,5,31.0,0.16903870967741935,0.3444922318209023,0.0,0.0,0.0001,0.24275,1.3385
2011,6,30.0,0.10626333333333335,0.42618574830403616,0.0,0.0,0.0,0.037,2.3305
2011,7,31.0,0.23938387096774194,0.7893251793343368,0.0,0.0,0.0,0.0010999999999999998,3.7332
2011,8,31.0,0.05622903225806451,0.18187625682232114,0.0,0.0,0.0,0.0002,0.7987
2011,9,30.0,0.6124233333333333,2.3855699549848524,0.0,0.0,0.00025,0.108375,12.9808
2011,10,31.0,0.1421032258064516,0.48520898279941943,0.0,0.0,0.0,0.0057,2.6256
2011,11,30.0,0.6580733333333334,2.715700475578533,0.0,0.0,0.0,0.001125,14.6183
2011,12,31.0,0.16891290322580643,0.5329757466288908,0.0,0.0,0.0,0.00355,2.7401
2012,1,31.0,0.06887096774193548,0.19721216695655197,0.0,0.0,0.0,0.00595,0.9462
2012,2,29.0,0.36293793103448274,1.5312209529405407,0.0,0.0,0.0,0.0246,8.1502
2012,3,31.0,0.14249032258064517,0.3594236129831935,0.0,0.0,0.0003,0.0278,1.6683
2012,4,30.0,0.14026333333333332,0.43028679969121253,0.0,0.0,0.0,0.0017499999999999998,1.72
2012,5,31.0,0.19804193548387095,0.4431515525371982,0.0,0.0,0.0,0.03955,1.9997
2012,6,30.0,0.2555199999999999,0.9515453284000717,0.0,0.0,0.0,0.00535,5.1088
2012,7,31.0,0.08862903225806454,0.37994571383602344,0.0,0.0,0.0004,0.02765,2.1257
2012,8,31.0,0.08250967741935483,0.3490796493207423,0.0,0.0,0.0,0.0014,1.9408
2012,9,30.0,0.25923999999999997,0.9456372062958577,0.0,0.0,0.0,0.00027499999999999996,4.8156
2012,10,31.0,0.029351612903225806,0.07473840543731065,0.0,0.0,0.0,0.00725,0.3141
2012,11,30.0,0.01158,0.04365008512058689,0.0,0.0,0.0,0.0,0.1734
2012,12,31.0,0.038887096774193546,0.1111490103177876,0.0,0.0,0.0,0.014,0.478
2013,1,31.0,0.6290387096774194,2.1712926636265046,0.0,0.0,0.0,0.01395,11.643
2013,2,28.0,0.13374642857142857,0.5385577512841627,0.0,0.0,0.0001,0.003525,2.7637
2013,3,31.0,0.08873225806451615,0.24823512024838706,0.0,0.0,0.0,0.0075,1.1231
2013,4,30.0,0.36157333333333336,1.3293393863464498,0.0,0.0,0.0,0.00015000000000000001,6.9858
2013,5,31.0,0.3264580645161291,1.0181136635216432,0.0,0.0,0.0,0.1206,5.5238
2013,6,30.0,0.21614333333333333,0.5149622401177841,0.0,0.0,0.0002,0.17335,2.5182
2013,7,31.0,0.9552129032258065,2.2560949252697595,0.0,0.0,0.0084,0.5376,11.1814
2013,8,31.0,0.14703870967741936,0.4363578276884079,0.0,0.0,0.0001,0.07469999999999999,2.2006
2013,9,30.0,0.052883333333333324,0.2039686488474238,0.0,0.0,0.0,7.500000000000001e-05,0.9288
2013,10,31.0,0.11800645161290323,0.5477792620727704,0.0,0.0,0.0,0.00055,3.0404
2013,11,30.0,0.09565666666666667,0.32806187671538883,0.0,0.0,0.0,0.00275,1.7294
2013,12,31.0,0.21085483870967742,0.5199583572035422,0.0,0.0,0.0,0.03955,1.9974
2014,1,31.0,0.038825806451612904,0.12383059925490128,0.0,0.0,0.0,0.004750000000000001,0.5843
2014,2,28.0,0.2546857142857143,0.6436245476260816,0.0,0.0,0.0001,0.077425,2.7604
2014,3,31.0,0.07933870967741936,0.23051088575512632,0.0,0.0,0.0002,0.02285,1.216
2014,4,30.0,0.23252333333333336,0.6331695936037733,0.0,0.0,0.0,0.0008500000000000001,2.3352
2014,5,31.0,0.3148967741935484,1.3523569209553792,0.0,0.0,0.0,0.0047,7.2736
2014,6,30.0,0.19965333333333338,0.5143582776111671,0.0,0.0,0.0,0.0507,2.1714
2014,7,31.0,0.5400903225806452,2.668205462272954,0.0,0.0,0.0,0.01455,14.8706
2014,8,31.0,0.5300000000000001,1.1602923870013686,0.0,0.0,0.0019,0.16970000000000002,4.8722
2014,9,30.0,0.08843000000000001,0.27991904143630664,0.0,0.0,0.0002,0.011875,1.4024
2014,10,31.0,0.2568741935483871,0.8306954070607514,0.0,0.0,0.0,0.0562,4.3245
2014,11,30.0,0.19496666666666668,0.5982870112379943,0.0,0.0,0.0,0.000525,2.8706
2014,12,31.0,0.04965161290322581,0.1604873180264155,0.0,0.0,0.0,0.00835,0.7951
2015,1,31.0,0.023212903225806457,0.0639086782940339,0.0,0.0,0.0,0.00015,0.265
2015,2,28.0,0.021407142857142864,0.10121839947131347,0.0,0.0,0.0,0.00115,0.5369
2015,3,31.0,0.1493483870967742,0.47922101155310237,0.0,0.0,0.0,0.026550000000000004,2.5529
2015,4,30.0,0.4112066666666667,1.6102851362271287,0.0,0.0,0.0083,0.089225,8.8467
2015,5,31.0,0.1347516129032258,0.39527521456234993,0.0,0.0,0.0,0.0098,1.8232
2015,6,30.0,0.2152833333333333,0.42687695964781336,0.0,0.0,0.0057,0.10385,1.3289
2015,7,31.0,0.2047387096774194,0.4197241702812452,0.0,0.0,0.0,0.15605,1.8928
2015,8,31.0,0.15271290322580647,0.44247416703647635,0.0,0.0,0.0,0.008,2.3163
2015,9,30.0,1.36361,4.167747912933149,0.0,0.0,0.0,0.105575,20.7794
2015,10,31.0,0.4261096774193548,1.3311008605298196,0.0,0.0,0.0,0.003,6.209
2015,11,30.0,0.4194699999999999,1.5494186458486445,0.0,0.0,0.0,0.001875,7.262
2015,12,31.0,0.17102258064516127,0.39421793186821374,0.0,0.0,0.0,0.1292,1.438
2016,1,31.0,0.09239677419354837,0.22269213499638307,0.0,0.0,0.0,0.0075,1.0776
2016,2,29.0,0.27989310344827584,0.8153750639740824,0.0,0.0,0.0,0.0853,4.129
2016,3,31.0,0.16581290322580647,0.6999035851419994,0.0,0.0,0.0,0.0027,3.8907
2016,4,30.0,0.07277333333333333,0.24814082616368355,0.0,0.0,0.0,0.001625,1.3108
2016,5,31.0,0.24905161290322578,0.5669663916382627,0.0,0.0,0.0015,0.09035,2.5489
2016,6,30.0,0.38230000000000003,1.242241258704438,0.0,0.0,0.0,0.04635,5.8793
2016,7,31.0,0.22553870967741932,0.46792093967351606,0.0,0.0,0.0176,0.165,2.0282
2016,8,31.0,0.4272838709677419,1.08245390666971,0.0,0.0,0.0,0.1681,4.6004
2016,9,30.0,0.3633133333333333,0.9042853519476728,0.0,0.0,0.0,0.066425,4.3501
2016,10,31.0,0.45897096774193546,2.239214950705351,0.0,0.0,0.0,0.0,12.463
2016,11,30.0,0.057653333333333334,0.22936655610064705,0.0,0.0,0.0,0.0,1.1221
2016,12,31.0,0.1266483870967742,0.4481235260289792,0.0,0.0,0.0,0.02805,2.3672
2017,1,31.0,0.26392580645161295,1.0451192196643542,0.0,0.0,0.0005,0.0351,5.7617
2017,2,28.0,0.02025714285714286,0.06081649038415079,0.0,0.0,0.0,0.0,0.2675
2017,3,31.0,0.12527741935483871,0.4247872178786908,0.0,0.0,0.0,0.00245,2.2458
2017,4,30.0,0.32421,0.736469948517226,0.0,0.0,0.0016,0.09885,2.7145
2017,5,31.0,1.0319548387096775,3.6548428961984785,0.0,0.0,0.0,0.7178500000000001,20.3732
2017,6,30.0,0.2131666666666667,0.7462693016429879,0.0,0.0,0.0,0.042925000000000005,4.0378
2017,7,31.0,0.0768,0.1851458686189532,0.0,0.0,0.0,0.019549999999999998,0.6636
2017,8,31.0,0.07291935483870968,0.19698228248475344,0.0,0.0,0.0,0.03095,0.9831
2017,9,30.0,0.12392333333333332,0.33823852803986526,0.0,0.0,0.0,0.0014,1.3715
2017,10,31.0,0.4681032258064516,1.4853378896138685,0.0,0.0,0.0,0.0034000000000000002,7.1094
2017,11,30.0,0.01731,0.05032957826443475,0.0,0.0,0.0,0.0004,0.2311
2017,12,31.0,0.006209677419354838,0.017514914688891287,0.0,0.0,0.0,0.00175,0.0897
2018,1,31.0,0.03866129032258065,0.08746793575331611,0.0,0.0,0.0,0.0102,0.3356
2018,2,28.0,0.2199428571428572,0.7081031487052922,0.0,0.0,0.0021000000000000003,0.03095,3.5104
2018,3,31.0,0.12805806451612903,0.2796015531361173,0.0,0.0,0.0,0.039099999999999996,1.0585
2018,4,30.0,0.30294999999999994,0.855630387794427,0.0,0.0,0.0,0.05929999999999999,4.2112
2018,5,31.0,0.4775064516129033,1.0740029531106152,0.0,0.0,0.0096,0.2803,3.9555
2018,6,30.0,0.49543666666666664,1.9224926548415056,0.0,0.0,0.0,0.024,10.2546
2018,7,31.0,0.5853612903225807,1.9741530838442123,0.0,0.0,0.0,0.17065,10.7251
2018,8,31.0,0.11437419354838711,0.2827296600025566,0.0,0.0,0.0002,0.11560000000000001,1.5042
2018,9,30.0,1.1263633333333336,2.627480918462598,0.0,0.0,0.013499999999999998,1.2164,13.3952
2018,10,31.0,0.7995064516129033,3.668409634063558,0.0,0.0,0.0,0.0477,20.4132
2018,11,30.0,0.22032000000000002,0.4470602716443932,0.0,0.0,0.0,0.22142499999999998,2.001
2018,12,31.0,0.2362483870967742,0.6868283763653371,0.0,0.0,0.0,0.015099999999999999,3.1838
