,Year,Month,count,mean,std,min,25%,50%,75%,max,monthly_mean,YYYY/MO
0,1981,1,31.0,0.0024806451612903,0.0129810225420249,0.0,0.0,0.0,0.0,0.0724,0.0768999999999993,1981/1
1,1981,2,28.0,0.0602428571428571,0.1880811121880789,0.0,0.0,0.0,0.0116,0.7875,1.6867999999999987,1981/2
2,1981,3,31.0,0.0722193548387096,0.2936681385729531,0.0,0.0,0.0,0.0001,1.6118,2.2387999999999977,1981/3
3,1981,4,30.0,0.04273,0.1203965091428862,0.0,0.0,0.00015,0.009875,0.6019,1.2818999999999998,1981/4
4,1981,5,31.0,0.1485999999999999,0.5079241176921345,0.0,0.0,0.0,0.01225,2.76,4.606599999999997,1981/5
5,1981,6,30.0,0.0634466666666666,0.1638734682893951,0.0,0.0,0.0,0.03505,0.7828,1.9033999999999978,1981/6
6,1981,7,31.0,0.0758258064516129,0.1641430066897803,0.0,0.0,0.0003,0.07035,0.7543,2.3505999999999996,1981/7
7,1981,8,31.0,0.0604516129032257,0.1930862482087004,0.0,0.0,0.0,0.0001,0.8048,1.8739999999999966,1981/8
8,1981,9,30.0,0.1121266666666666,0.396322880327725,0.0,0.0,0.0,0.00695,2.1013,3.3637999999999977,1981/9
9,1981,10,31.0,0.1876870967741935,0.8569006919287421,0.0,0.0,0.0,0.0001,4.7419,5.818299999999999,1981/10
10,1981,11,30.0,0.01261,0.0658288551656019,0.0,0.0,0.0,0.000375,0.361,0.37829999999999997,1981/11
11,1981,12,31.0,0.0466709677419354,0.129018275691336,0.0,0.0,0.0,0.0287499999999999,0.6899,1.4467999999999974,1981/12
12,1982,1,31.0,0.2025612903225806,0.4286332415771625,0.0,0.0,0.0102,0.14885,1.8545,6.279399999999999,1982/1
13,1982,2,28.0,0.2902142857142858,1.0150070799659243,0.0,0.0,0.0012499999999999,0.064475,5.3507,8.126000000000003,1982/2
14,1982,3,31.0,0.0989967741935484,0.2081412556956949,0.0,0.0,0.0022,0.0529,0.8116,3.0689,1982/3
15,1982,4,30.0,0.0831299999999999,0.2347259504775435,0.0,0.0,0.0,0.0192999999999999,1.1032,2.493899999999997,1982/4
16,1982,5,31.0,0.1467290322580645,0.3310801496048436,0.0,0.0,0.0014,0.0753,1.5125,4.5485999999999995,1982/5
17,1982,6,30.0,0.18349,0.3758016308621087,0.0,0.0,0.00185,0.129475,1.6041,5.5047,1982/6
18,1982,7,31.0,0.0989967741935484,0.2601082614141927,0.0,0.0,0.0028,0.0383499999999999,1.316,3.0689,1982/7
19,1982,8,31.0,0.1697935483870968,0.3681059312530239,0.0,0.0,0.0001,0.0915,1.3341,5.2636,1982/8
20,1982,9,30.0,0.0943066666666666,0.3337172227824168,0.0,0.0,0.0,0.00015,1.3326,2.829199999999998,1982/9
21,1982,10,31.0,0.121258064516129,0.3743674342800964,0.0,0.0,0.0,0.0046999999999999,1.7516,3.758999999999999,1982/10
22,1982,11,30.0,0.1143833333333333,0.3022945013967548,0.0,0.0,0.0005499999999999,0.027725,1.4432,3.431499999999999,1982/11
23,1982,12,31.0,0.075174193548387,0.2376949178642542,0.0,0.0,0.0,0.00935,1.1736,2.330399999999997,1982/12
24,1983,1,31.0,0.0181806451612903,0.0610942846173291,0.0,0.0,0.0,0.0029,0.3236,0.5635999999999993,1983/1
25,1983,2,28.0,0.1102071428571428,0.3376857403065003,0.0,0.0,0.0009499999999999,0.016525,1.7344,3.085799999999998,1983/2
26,1983,3,31.0,0.1755387096774193,0.4548353729115765,0.0,0.0,0.0015,0.15305,2.4226,5.441699999999998,1983/3
27,1983,4,30.0,0.5191499999999999,1.29642528110291,0.0,0.0,0.0001,0.42775,6.0936,15.574499999999997,1983/4
28,1983,5,31.0,0.0551258064516129,0.1241500703926285,0.0,0.0,0.0,0.036,0.4901,1.7088999999999999,1983/5
29,1983,6,30.0,0.1386533333333333,0.317992577156192,0.0,0.0,0.01895,0.1072,1.5754,4.159599999999999,1983/6
30,1983,7,31.0,0.0314,0.0914490422767419,0.0,0.0,0.0,0.0001,0.3372,0.9733999999999999,1983/7
31,1983,8,31.0,0.0342387096774193,0.1110363474345806,0.0,0.0,0.0,0.0121,0.6026,1.0613999999999983,1983/8
32,1983,9,30.0,0.05274,0.2296089623385962,0.0,0.0,0.0,7.500000000000001e-05,1.2501,1.5822,1983/9
33,1983,10,31.0,0.2353419354838709,0.6072231148291343,0.0,0.0,0.0,0.0269,2.9424,7.295599999999998,1983/10
34,1983,11,30.0,0.1790699999999999,0.5115055998951898,0.0,0.0,0.00035,0.008925,2.2616,5.372099999999997,1983/11
35,1983,12,31.0,0.1716419354838709,0.5251706470435386,0.0,0.0,0.0,0.00915,2.4517,5.320899999999998,1983/12
36,1984,1,31.0,0.0371709677419354,0.0556980083039982,0.0,5e-05,0.0008,0.0658,0.1735,1.1522999999999974,1984/1
37,1984,2,29.0,0.231103448275862,0.7986294038103918,0.0,0.0,0.0001,0.0099,3.7353,6.701999999999997,1984/2
38,1984,3,31.0,0.2384516129032257,0.64079390960015,0.0,0.0,0.0002,0.0364,2.9749,7.391999999999997,1984/3
39,1984,4,30.0,0.1418166666666666,0.3763698154588193,0.0,0.0,0.00085,0.09795,1.7381,4.2544999999999975,1984/4
40,1984,5,31.0,0.1671967741935483,0.5622185669197054,0.0,0.0,0.0,0.1016,3.1329,5.183099999999998,1984/5
41,1984,6,30.0,0.0185733333333333,0.045898703560185,0.0,0.0,0.0,0.0002,0.172,0.557199999999999,1984/6
42,1984,7,31.0,0.1043064516129032,0.1966738212294387,0.0,0.00015,0.03,0.0893,0.6989,3.233499999999999,1984/7
43,1984,8,31.0,0.3386548387096774,1.0930259063226602,0.0,0.0,0.0138,0.09625,5.8575,10.498299999999999,1984/8
44,1984,9,30.0,0.0221,0.0628653953382501,0.0,0.0,0.0,0.0,0.2886,0.663,1984/9
45,1984,10,31.0,0.0678612903225806,0.2483192497269317,0.0,0.0,0.0,0.00145,1.288,2.1036999999999986,1984/10
46,1984,11,30.0,0.0784933333333333,0.1993136272887243,0.0,0.0,0.0,0.001175,0.7523,2.354799999999999,1984/11
47,1984,12,31.0,0.0259935483870967,0.0844528110267655,0.0,0.0,0.0001,0.0034999999999999,0.4441,0.8057999999999977,1984/12
48,1985,1,31.0,0.059216129032258,0.1843567738503691,0.0,0.0,0.0001,0.00375,0.8152,1.835699999999998,1985/1
49,1985,2,28.0,0.2040357142857142,0.7156060530219772,0.0,0.0,0.0,0.00315,3.6417,5.712999999999997,1985/2
50,1985,3,31.0,0.0245967741935483,0.0886367850043873,0.0,0.0,0.0,0.002,0.3772,0.7624999999999973,1985/3
51,1985,4,30.0,0.0972366666666666,0.3005348479229854,0.0,0.0,0.0,0.0,1.3444,2.917099999999998,1985/4
52,1985,5,31.0,0.2619483870967742,0.7135510273138462,0.0,0.0,0.0001,0.09745,3.5927,8.1204,1985/5
53,1985,6,30.0,0.0485866666666666,0.1531108877709975,0.0,0.0,0.0,0.0306,0.8321,1.457599999999998,1985/6
54,1985,7,31.0,0.1054548387096774,0.197114533268875,0.0,0.0,0.0188,0.11175,0.7409,3.2690999999999995,1985/7
55,1985,8,31.0,0.3736096774193547,1.3150006300010757,0.0,0.0,0.0057,0.071,6.9792,11.581899999999996,1985/8
56,1985,9,30.0,0.0401599999999999,0.191344476506784,0.0,0.0,0.0,0.0043749999999999,1.0499,1.204799999999997,1985/9
57,1985,10,31.0,0.0987451612903225,0.2667281635407226,0.0,0.0,0.0,0.01505,1.2841,3.0610999999999975,1985/10
58,1985,11,30.0,0.4201766666666667,1.013158459432452,0.0,0.0,0.00105,0.30165,4.0242,12.605300000000002,1985/11
59,1985,12,31.0,0.0169645161290322,0.0866920740259726,0.0,0.0,0.0,5e-05,0.4836,0.5258999999999983,1985/12
60,1986,1,31.0,0.0064870967741935,0.0247714316896902,0.0,0.0,0.0,0.00045,0.1354,0.20109999999999847,1986/1
61,1986,2,28.0,0.04695,0.1245117085078971,0.0,0.0,0.00165,0.02975,0.636,1.3146,1986/2
62,1986,3,31.0,0.0316806451612903,0.102627236213898,0.0,0.0,0.0,0.0001,0.4208,0.9820999999999993,1986/3
63,1986,4,30.0,0.0376866666666666,0.0894602579200755,0.0,0.0,0.0,0.00075,0.3201,1.1305999999999978,1986/4
64,1986,5,31.0,0.1609,0.4971781156352988,0.0,0.0,0.0,0.0279,2.6266,4.9879,1986/5
65,1986,6,30.0,0.0062166666666666,0.0251702764405152,0.0,0.0,0.0,0.0,0.1279,0.186499999999998,1986/6
66,1986,7,31.0,0.0319516129032258,0.0580120037634036,0.0,0.0,0.0,0.0432,0.1896,0.9904999999999997,1986/7
67,1986,8,31.0,0.1543967741935484,0.5608210674144777,0.0,0.0,0.0153,0.0635,3.1102,4.7863,1986/8
68,1986,9,30.0,0.1016266666666666,0.2926067208002428,0.0,0.0,0.0,0.0055499999999999,1.4458,3.048799999999998,1986/9
69,1986,10,31.0,0.0653354838709677,0.1862112287133209,0.0,0.0,0.0,0.0002,0.766,2.0253999999999985,1986/10
70,1986,11,30.0,0.14437,0.4151902265725667,0.0,0.0,0.0007,0.0601,2.0533,4.3311,1986/11
71,1986,12,31.0,0.1697322580645161,0.4560836351570451,0.0,0.0,0.0,0.03185,2.0406,5.261699999999999,1986/12
72,1987,1,31.0,0.0560387096774193,0.1747651522804615,0.0,0.0,0.0002,0.0089,0.9052,1.7371999999999983,1987/1
73,1987,2,28.0,0.1172142857142857,0.2910269959659282,0.0,0.0,0.00025,0.086425,1.4485,3.2819999999999996,1987/2
74,1987,3,31.0,0.1912516129032258,0.5143836135745173,0.0,0.0,0.0002,0.03625,2.1466,5.928799999999999,1987/3
75,1987,4,30.0,0.91656,2.463298665946777,0.0,0.0,0.0002,0.2032,10.3673,27.4968,1987/4
76,1987,5,31.0,0.0823032258064516,0.2205610761729745,0.0,0.0,0.0,0.01925,1.0671,2.5513999999999992,1987/5
77,1987,6,30.0,0.01903,0.0354902040879859,0.0,0.0,0.0,0.016275,0.1298,0.5709,1987/6
78,1987,7,31.0,0.1484548387096774,0.3103286900891908,0.0,0.0,0.0004,0.12765,1.2848,4.602099999999999,1987/7
79,1987,8,31.0,0.0236129032258064,0.0784516145656479,0.0,0.0,0.0,0.0029,0.4194,0.7319999999999983,1987/8
80,1987,9,30.0,0.34217,0.8493356016566005,0.0,0.0,0.0,0.29745,4.2279,10.265099999999999,1987/9
81,1987,10,31.0,0.0346,0.140485230540438,0.0,0.0,0.0,0.0,0.7515,1.0726,1987/10
82,1987,11,30.0,0.1927233333333333,0.6577942963672863,0.0,0.0,0.0,0.013325,3.3225,5.781699999999999,1987/11
83,1987,12,31.0,0.0718612903225806,0.1702912048568947,0.0,0.0,0.0,0.0024,0.6954,2.2276999999999987,1987/12
84,1988,1,31.0,0.0244516129032258,0.0596773540017078,0.0,0.0,0.0,0.00615,0.2595,0.7579999999999998,1988/1
85,1988,2,29.0,0.0161310344827586,0.0634353501237299,0.0,0.0,0.0,0.0017,0.3411,0.4677999999999994,1988/2
86,1988,3,31.0,0.0138870967741935,0.0608118011679503,0.0,0.0,0.0,0.0013,0.3379,0.43049999999999855,1988/3
87,1988,4,30.0,0.0941266666666666,0.2019238554562061,0.0,0.0,0.0003,0.040475,0.777,2.8237999999999976,1988/4
88,1988,5,31.0,0.0426225806451612,0.1025672907889495,0.0,0.0,0.0001,0.04505,0.5351,1.3212999999999973,1988/5
89,1988,6,30.0,0.1330466666666666,0.3137143371497919,0.0,0.0,0.0,0.020725,1.1543,3.991399999999998,1988/6
90,1988,7,31.0,0.198674193548387,0.5010631397124464,0.0,0.0,0.0003,0.0846,2.2671,6.158899999999997,1988/7
91,1988,8,31.0,0.2134290322580645,0.5967900346540361,0.0,0.0,0.0066,0.0713,3.0357,6.6163,1988/8
92,1988,9,30.0,0.06686,0.2235679601990996,0.0,0.0,0.0,0.014575,0.9188,2.0058000000000002,1988/9
93,1988,10,31.0,0.0178322580645161,0.0650423676644527,0.0,0.0,0.0,0.0,0.3463,0.5527999999999992,1988/10
94,1988,11,30.0,0.1391733333333333,0.4208128201578411,0.0,0.0,5e-05,0.005375,2.1044,4.1751999999999985,1988/11
95,1988,12,31.0,0.0280903225806451,0.1339936052077081,0.0,0.0,0.0,0.0,0.7451,0.870799999999998,1988/12
96,1989,1,31.0,0.0411032258064516,0.1129558216999636,0.0,0.0,0.0001,0.00785,0.5464,1.2741999999999996,1989/1
97,1989,2,28.0,0.0179285714285714,0.0378822234978737,0.0,0.0,0.0009,0.0149,0.152,0.5019999999999992,1989/2
98,1989,3,31.0,0.0634548387096774,0.1761058220478238,0.0,0.0,0.0001,0.02265,0.9034,1.9670999999999994,1989/3
99,1989,4,30.0,0.1171166666666666,0.2956970981436488,0.0,0.0,0.00085,0.065675,1.4664,3.5134999999999983,1989/4
100,1989,5,31.0,0.2863838709677419,0.734270295416601,0.0,0.0,0.0,0.01315,3.4518,8.8779,1989/5
101,1989,6,30.0,0.2924733333333333,0.4684368650157105,0.0,0.000575,0.03745,0.5357000000000001,1.902,8.774199999999999,1989/6
102,1989,7,31.0,0.3554645161290322,0.9156107843213684,0.0,5e-05,0.026,0.1878,4.7491,11.019399999999997,1989/7
103,1989,8,31.0,0.0300387096774193,0.0987704735820017,0.0,0.0,0.0,0.00345,0.4324,0.9311999999999984,1989/8
104,1989,9,30.0,0.7129466666666667,2.002190979166941,0.0,0.0,0.0015,0.1117249999999999,9.68,21.3884,1989/9
105,1989,10,31.0,0.1291645161290322,0.3916863435185415,0.0,0.0,0.0,5e-05,1.6565,4.004099999999998,1989/10
106,1989,11,30.0,0.2643766666666666,1.3891500543766728,0.0,0.0,0.00105,0.0101,7.6184,7.931299999999998,1989/11
107,1989,12,31.0,0.0373645161290322,0.1158688930023559,0.0,0.0,0.0,0.01,0.5582,1.1582999999999983,1989/12
108,1990,1,31.0,0.0351419354838709,0.0960083669068953,0.0,0.0,0.0013,0.00815,0.4711,1.089399999999998,1990/1
109,1990,2,28.0,0.0882035714285714,0.1932335518028069,0.0,0.0,0.0003,0.072175,0.897,2.469699999999999,1990/2
110,1990,3,31.0,0.0847096774193548,0.1836957944625456,0.0,0.0,0.0003,0.02915,0.7397,2.6259999999999986,1990/3
111,1990,4,30.0,0.0590099999999999,0.1049558440816734,0.0,0.0,0.0003,0.063525,0.3368,1.770299999999997,1990/4
112,1990,5,31.0,0.2763903225806451,0.7161541069513082,0.0,0.0,0.0003,0.0733,3.0636,8.568099999999998,1990/5
113,1990,6,30.0,0.0199966666666666,0.0663022623181573,0.0,0.0,0.0,0.0,0.3271,0.599899999999998,1990/6
114,1990,7,31.0,0.2452387096774193,0.6352641265266067,0.0,0.0,0.0001,0.0298499999999999,2.5884,7.602399999999998,1990/7
115,1990,8,31.0,0.1894032258064515,0.4986190426126081,0.0,0.0,0.0,0.09765,2.5758,5.871499999999997,1990/8
116,1990,9,30.0,0.0175999999999999,0.0462293458075398,0.0,0.0,0.0,0.0031,0.2091,0.527999999999997,1990/9
117,1990,10,31.0,0.8151064516129033,2.333532491300901,0.0,0.0,0.0,0.074,11.6473,25.268300000000004,1990/10
118,1990,11,30.0,0.0473733333333333,0.2115008110090155,0.0,0.0,0.0,0.0,1.1402,1.4211999999999991,1990/11
119,1990,12,31.0,0.0721032258064515,0.1384581585025381,0.0,0.0,0.0018,0.0511,0.5038,2.2351999999999963,1990/12
120,1991,1,31.0,0.1224225806451612,0.5169205591511316,0.0,0.0,0.0,0.00045,2.8319,3.7950999999999975,1991/1
121,1991,2,28.0,0.0348964285714285,0.1020331082147244,0.0,0.0,0.0,0.010125,0.5223,0.9770999999999981,1991/2
122,1991,3,31.0,0.2773290322580645,0.7982424987406389,0.0,0.0,0.0021,0.0953499999999999,4.2789,8.597199999999999,1991/3
123,1991,4,30.0,0.07547,0.139994965796188,0.0,0.0,0.0026,0.086425,0.5097,2.2641,1991/4
124,1991,5,31.0,0.0716096774193548,0.1766291168047493,0.0,0.0,0.0,0.05415,0.8597,2.2198999999999987,1991/5
125,1991,6,30.0,0.1400666666666666,0.4280353524984889,0.0,0.0,0.0,0.010525,2.1477,4.201999999999997,1991/6
126,1991,7,31.0,0.1854129032258064,0.3780832216518258,0.0,0.0,0.0005,0.2795499999999999,1.7857,5.747799999999998,1991/7
127,1991,8,31.0,0.0464903225806451,0.1079482201639245,0.0,0.0,0.0,0.0267,0.5102,1.4411999999999983,1991/8
128,1991,9,30.0,0.0055866666666666,0.0147472202718724,0.0,0.0,0.0,0.00015,0.0704,0.167599999999998,1991/9
129,1991,10,31.0,0.0079290322580645,0.0347189208122256,0.0,0.0,0.0,0.0,0.1859,0.2457999999999995,1991/10
130,1991,11,30.0,0.0996266666666666,0.4592352683300368,0.0,0.0,0.0,0.0021,2.5089,2.988799999999998,1991/11
131,1991,12,31.0,0.1173290322580645,0.3071247772415945,0.0,0.0,0.0,0.02815,1.5104,3.6371999999999995,1991/12
132,1992,1,31.0,0.1762290322580645,0.6587074207332357,0.0,0.0,0.0,0.0003,3.2215,5.463099999999999,1992/1
133,1992,2,29.0,0.1510206896551724,0.5269722752122397,0.0,0.0,0.0,0.037,2.784,4.3796,1992/2
134,1992,3,31.0,0.0952677419354838,0.2606421971299566,0.0,0.0,0.0004,0.0171,1.3315,2.953299999999998,1992/3
135,1992,4,30.0,0.5854666666666668,2.6141054002618485,0.0,0.0,0.0,0.003025,14.1818,17.564000000000004,1992/4
136,1992,5,31.0,0.5431193548387095,1.5125806209740489,0.0,0.0,0.0,0.1523499999999999,6.3232,16.836699999999997,1992/5
137,1992,6,30.0,0.32905,0.705037146857012,0.0,0.0,0.00085,0.116525,2.25,9.871500000000001,1992/6
138,1992,7,31.0,0.1090612903225806,0.2449090057925179,0.0,0.0,0.0,0.04495,0.8711,3.3808999999999987,1992/7
139,1992,8,31.0,0.1266999999999999,0.4418968499548283,0.0,0.0,0.0,0.0107,1.9266,3.9276999999999966,1992/8
140,1992,9,30.0,0.1149933333333333,0.3174292665529878,0.0,0.0,5e-05,0.0534,1.2843,3.449799999999999,1992/9
141,1992,10,31.0,0.1115193548387097,0.3592709250870478,0.0,0.0,0.0,0.0009,1.7647,3.4571000000000005,1992/10
142,1992,11,30.0,0.5124766666666667,1.2334021640982709,0.0,0.0,0.00025,0.488325,6.2604,15.374300000000002,1992/11
143,1992,12,31.0,0.0897483870967742,0.171102019997754,0.0,0.0,0.0,0.07985,0.6525,2.7822,1992/12
144,1993,1,31.0,0.3448967741935483,0.730832321618701,0.0,0.0,0.0,0.2926999999999999,2.8279,10.691799999999997,1993/1
145,1993,2,28.0,0.171025,0.4844571155007006,0.0,0.0,0.0,0.0048249999999999,1.7808,4.7887,1993/2
146,1993,3,31.0,0.7647354838709676,2.337009648182677,0.0,0.0,0.0033,0.1997499999999999,12.4709,23.706799999999994,1993/3
147,1993,4,30.0,0.2456799999999999,0.4900750332417439,0.0,0.0,0.0,0.020375,1.4724,7.3703999999999965,1993/4
148,1993,5,31.0,0.2250774193548387,0.4560833861694425,0.0,0.0,0.0,0.1513,1.6521,6.977399999999999,1993/5
149,1993,6,30.0,0.3313433333333334,0.9774169080773072,0.0,0.0,0.0,0.0455249999999999,3.931,9.9403,1993/6
150,1993,7,31.0,0.2120064516129032,0.5443737398365722,0.0,0.0,0.0002,0.0495,2.4653,6.5722,1993/7
151,1993,8,31.0,0.0131709677419354,0.0629306400918152,0.0,0.0,0.0,0.00045,0.3511,0.40829999999999744,1993/8
152,1993,9,30.0,0.1194766666666666,0.2253181714871191,0.0,0.0,0.0025,0.15905,0.9306,3.584299999999998,1993/9
153,1993,10,31.0,0.0660709677419354,0.2466096080766095,0.0,0.0,0.0,0.0028499999999999,1.1382,2.0481999999999974,1993/10
154,1993,11,30.0,0.1863899999999999,0.6825117466969418,0.0,0.0,0.0,0.00035,3.489,5.591699999999997,1993/11
155,1993,12,31.0,0.3068645161290321,1.2920956676522026,0.0,0.0,0.0,0.0062,7.0892,9.512799999999995,1993/12
156,1994,1,31.0,0.2849903225806452,0.8853775689331036,0.0,0.0,0.0001,0.0858,4.4936,8.834700000000002,1994/1
157,1994,2,28.0,0.2640607142857142,0.6325779467937853,0.0,0.0,0.00095,0.046,2.2716,7.393699999999997,1994/2
158,1994,3,31.0,0.2718967741935484,0.7542865041365786,0.0,0.0,0.0034,0.0745,3.4866,8.4288,1994/3
159,1994,4,30.0,0.14744,0.4705554806967963,0.0,0.0,0.00015,0.06115,2.4848,4.4232,1994/4
160,1994,5,31.0,0.0379806451612903,0.1521227167330263,0.0,0.0,0.0,0.001,0.8021,1.1773999999999993,1994/5
161,1994,6,30.0,0.0691133333333333,0.1816090908656762,0.0,0.0,0.0,0.018275,0.7078,2.073399999999999,1994/6
162,1994,7,31.0,0.1725290322580645,0.432899237077597,0.0,0.0,0.0002,0.08025,1.7566,5.3484,1994/7
163,1994,8,31.0,0.2070709677419354,0.7601312010407804,0.0,0.0,0.0001,0.01245,4.1394,6.419199999999997,1994/8
164,1994,9,30.0,0.0112466666666666,0.0348737400794127,0.0,0.0,0.0,0.0,0.1615,0.337399999999998,1994/9
165,1994,10,31.0,0.0404354838709677,0.1109088771571422,0.0,0.0,0.0,0.01005,0.5392,1.2534999999999987,1994/10
166,1994,11,30.0,0.0517433333333333,0.1346534317355518,0.0,0.0,0.0,0.0001,0.52,1.5522999999999991,1994/11
167,1994,12,31.0,0.0660451612903225,0.1670904223042315,0.0,0.0,0.0,0.01475,0.64,2.0473999999999974,1994/12
168,1995,1,31.0,0.4701129032258065,1.9907543136111223,0.0,0.0,0.0023,0.01715,10.9669,14.573500000000001,1995/1
169,1995,2,28.0,0.2247607142857142,0.9177472977206436,0.0,0.0,5e-05,0.001825,4.8222,6.293299999999998,1995/2
170,1995,3,31.0,0.0746290322580645,0.204266016415765,0.0,0.0,0.0,0.0017499999999999,0.8807,2.3134999999999994,1995/3
171,1995,4,30.0,0.0193566666666666,0.0838476478946861,0.0,0.0,0.0002,0.00085,0.4589,0.580699999999998,1995/4
172,1995,5,31.0,0.2286870967741935,0.522952049900011,0.0,0.0,0.0,0.11245,2.1693,7.089299999999998,1995/5
173,1995,6,30.0,1.1309566666666668,3.3982061512919084,0.0,0.0,0.006,0.33305,17.7875,33.928700000000006,1995/6
174,1995,7,31.0,0.1582419354838709,0.5409987041107052,0.0,0.0,0.0001,0.0298499999999999,2.83,4.905499999999997,1995/7
175,1995,8,31.0,0.0408935483870967,0.2239784319013535,0.0,0.0,0.0,5e-05,1.2476,1.2676999999999976,1995/8
176,1995,9,30.0,0.0609766666666666,0.2239607734793556,0.0,0.0,0.0,0.002675,1.2062,1.8292999999999981,1995/9
177,1995,10,31.0,0.1871516129032258,0.6487664067911079,0.0,0.0,0.0,0.00305,3.468,5.801699999999999,1995/10
178,1995,11,30.0,0.1913266666666666,0.6306999592315768,0.0,0.0,0.0001,0.015275,3.1263,5.739799999999998,1995/11
179,1995,12,31.0,0.0388516129032258,0.1203249845791741,0.0,0.0,0.0,0.00625,0.6516,1.2044,1995/12
180,1996,1,31.0,0.5263774193548386,1.7686836541544442,0.0,0.0,0.001,0.08505,8.634,16.3177,1996/1
181,1996,2,29.0,0.2432137931034483,0.7541884298105472,0.0,0.0,0.001,0.0367,3.2406,7.0532,1996/2
182,1996,3,31.0,0.1867967741935484,0.588332951359954,0.0,0.0,0.0,0.00345,2.5796,5.7907,1996/3
183,1996,4,30.0,0.0644066666666666,0.1888360846093106,0.0,0.0,0.0001,0.0367249999999999,1.0057,1.932199999999998,1996/4
184,1996,5,31.0,0.1261290322580645,0.3012112262112734,0.0,0.0,0.0005,0.0867,1.4155,3.9099999999999993,1996/5
185,1996,6,30.0,0.3992333333333333,1.0621472997832182,0.0,0.0,0.0,0.0798,4.2159,11.976999999999999,1996/6
186,1996,7,31.0,0.1659032258064516,0.4307015165083362,0.0,0.0,0.0,0.0446499999999999,1.9397,5.142999999999999,1996/7
187,1996,8,31.0,0.5621354838709677,2.401332333594329,0.0,0.0,0.0002,0.0751,13.3037,17.426199999999998,1996/8
188,1996,9,30.0,1.2392666666666663,3.834340448012457,0.0,0.0,0.0173499999999999,0.141925,20.2889,37.17799999999999,1996/9
189,1996,10,31.0,0.1021645161290322,0.4292297446577121,0.0,0.0,0.0,0.00655,2.3152,3.1670999999999982,1996/10
190,1996,11,30.0,0.4095866666666666,1.9168974121693652,0.0,0.0,0.00015,0.005875,10.5278,12.287599999999998,1996/11
191,1996,12,31.0,0.1843774193548386,0.4909938877485662,0.0,0.0,0.0003,0.101,2.2944,5.7156999999999965,1996/12
192,1997,1,31.0,0.1026645161290322,0.3096098518548649,0.0,0.0,0.0003,0.10655,1.7076,3.182599999999998,1997/1
193,1997,2,28.0,0.092675,0.2620495918926628,0.0,0.0,0.0014,0.0718,1.3302,2.5949,1997/2
194,1997,3,31.0,0.181616129032258,0.4792602494795316,0.0,0.0,0.0,0.06195,2.0746,5.630099999999998,1997/3
195,1997,4,30.0,0.1057233333333333,0.2994694799754753,0.0,0.0,0.0,0.020775,1.4589,3.1716999999999986,1997/4
196,1997,5,31.0,0.0219354838709677,0.0463261448744089,0.0,0.0,0.0,0.0169,0.2137,0.6799999999999987,1997/5
197,1997,6,30.0,0.3187366666666666,0.9693778781662812,0.0,0.0,0.0,0.05255,4.8219,9.5621,1997/6
198,1997,7,31.0,0.1034612903225806,0.2758084826800647,0.0,0.0,0.0,0.0404,1.342,3.2072999999999987,1997/7
199,1997,8,31.0,0.1564419354838709,0.6183796529501887,0.0,0.0,0.0,0.0005499999999999,3.2626,4.849699999999998,1997/8
200,1997,9,30.0,0.25455,0.7331752981099544,0.0,0.0,0.0,0.086225,3.2726,7.6365,1997/9
201,1997,10,31.0,0.0384935483870967,0.111414801337117,0.0,0.0,0.0,0.00125,0.5668,1.1932999999999976,1997/10
202,1997,11,30.0,0.13456,0.4592281775266875,0.0,0.0,0.001,0.0149,2.0594,4.0368,1997/11
203,1997,12,31.0,0.0386387096774193,0.0864238534874076,0.0,0.0,0.0,0.0012,0.2959,1.1977999999999984,1997/12
204,1998,1,31.0,0.6663999999999999,1.775457055521198,0.0,0.0,0.0762,0.27425,8.8944,20.658399999999997,1998/1
205,1998,2,28.0,0.5870464285714286,1.3878769724754112,0.0,0.0,0.06555,0.19035,5.6853,16.4373,1998/2
206,1998,3,31.0,0.6434225806451614,2.6125762382126028,0.0,0.0,0.0,0.00085,14.4313,19.946100000000005,1998/3
207,1998,4,30.0,0.3269999999999999,0.8661095626320949,0.0,0.0,0.0001,0.00355,3.1674,9.809999999999997,1998/4
208,1998,5,31.0,0.4423612903225807,0.7674111156685267,0.0,0.0,0.0072,0.67765,2.9598,13.713200000000002,1998/5
209,1998,6,30.0,0.1638333333333333,0.4554664114443819,0.0,0.0,0.0015,0.1159,2.4191,4.914999999999999,1998/6
210,1998,7,31.0,0.059116129032258,0.1607741233258101,0.0,0.0,0.0,0.00715,0.7535,1.832599999999998,1998/7
211,1998,8,31.0,0.1129548387096774,0.4772669552348454,0.0,0.0,0.0,0.0001,2.6327,3.5015999999999994,1998/8
212,1998,9,30.0,0.00635,0.0243580865280987,0.0,0.0,0.0,0.0,0.1296,0.1905,1998/9
213,1998,10,31.0,0.0860290322580645,0.4711948267921653,0.0,0.0,0.0,0.0,2.6248,2.6668999999999996,1998/10
214,1998,11,30.0,0.0200233333333333,0.080712959619721,0.0,0.0,0.0,0.00035,0.4079,0.600699999999999,1998/11
215,1998,12,31.0,0.0981,0.3008921146634897,0.0,0.0,0.0003,0.006,1.541,3.0411,1998/12
216,1999,1,31.0,0.407,1.4945879775599251,0.0,0.0,0.0,0.0259,8.2436,12.616999999999999,1999/1
217,1999,2,28.0,0.1608428571428571,0.6031517691375501,0.0,0.0,0.0003999999999999,0.013425,3.1826,4.503599999999999,1999/2
218,1999,3,31.0,0.1339451612903225,0.3590302761965994,0.0,0.0,0.0003,0.0304,1.7119,4.152299999999998,1999/3
219,1999,4,30.0,0.3049333333333333,1.1578059912322678,0.0,0.0,0.0014,0.026325,6.307,9.147999999999998,1999/4
220,1999,5,31.0,0.2174225806451613,0.7762982900533689,0.0,0.0,0.0,0.0,4.073,6.7401,1999/5
221,1999,6,30.0,0.0316633333333333,0.0850414644638774,0.0,0.0,0.0,0.0025499999999999,0.4264,0.949899999999999,1999/6
222,1999,7,31.0,0.329141935483871,0.9170437771354188,0.0,0.0,0.0,0.0613999999999999,3.9422,10.2034,1999/7
223,1999,8,31.0,0.1412903225806451,0.4523148846801593,0.0,0.0,0.0,0.0002,2.3552,4.379999999999998,1999/8
224,1999,9,30.0,0.5320000000000001,2.169599215809543,0.0,0.0,0.0,0.1341,11.9237,15.960000000000004,1999/9
225,1999,10,31.0,0.0139645161290322,0.0526345295307626,0.0,0.0,0.0,0.0,0.2214,0.4328999999999982,1999/10
226,1999,11,30.0,0.0942233333333333,0.3764625673412901,0.0,0.0,0.0,0.00055,1.8759,2.826699999999999,1999/11
227,1999,12,31.0,0.1180903225806451,0.4696029665968468,0.0,0.0,0.0,0.00165,2.4888,3.6607999999999983,1999/12
228,2000,1,31.0,0.067758064516129,0.286661416743625,0.0,0.0,0.0,0.0004,1.5664,2.100499999999999,2000/1
229,2000,2,29.0,0.0734758620689655,0.2128371705841487,0.0,0.0,0.0,0.0083,1.0118,2.1308,2000/2
230,2000,3,31.0,0.1273548387096774,0.3957574213569971,0.0,0.0,0.0,0.00045,2.0385,3.9479999999999995,2000/3
231,2000,4,30.0,0.4965333333333331,1.811598453325668,0.0,0.0,0.0005,0.04085,9.5596,14.895999999999994,2000/4
232,2000,5,31.0,0.0932354838709677,0.2867038722542676,0.0,0.0,0.0,0.00465,1.4964,2.8902999999999985,2000/5
233,2000,6,30.0,0.4093766666666667,0.946647471682927,0.0,0.0,0.0,0.251625,3.7345,12.281300000000002,2000/6
234,2000,7,31.0,0.2953225806451613,0.7839345672991156,0.0,0.0,0.0001,0.08195,3.3727,9.155000000000001,2000/7
235,2000,8,31.0,0.2638903225806451,1.0817031996978466,0.0,0.0,0.0,0.0498,6.0149,8.180599999999998,2000/8
236,2000,9,30.0,0.4102633333333333,1.0914327535426755,0.0,0.0,0.0,0.0966,5.2152,12.3079,2000/9
237,2000,10,31.0,6.451612903225806e-06,2.4973103811470745e-05,0.0,0.0,0.0,0.0,0.0001,0.0002,2000/10
238,2000,11,30.0,0.0574933333333333,0.1641390094912895,0.0,0.0,0.0,0.001575,0.6811,1.724799999999999,2000/11
239,2000,12,31.0,0.0604709677419354,0.2791615902346983,0.0,0.0,0.0,0.00085,1.5535,1.8745999999999974,2000/12
240,2001,1,31.0,0.0633193548387097,0.2337556051653875,0.0,0.0,0.0,0.00155,1.2877,1.9629000000000005,2001/1
241,2001,2,28.0,0.0242607142857142,0.0849653713308947,0.0,0.0,0.0,0.0017,0.4183,0.6792999999999977,2001/2
242,2001,3,31.0,0.2757838709677419,1.018890249927758,0.0,0.0,0.0,0.0105,5.3364,8.549299999999999,2001/3
243,2001,4,30.0,0.03854,0.1856178380250762,0.0,0.0,0.0,7.500000000000001e-05,1.0182,1.1562,2001/4
244,2001,5,31.0,0.6071096774193548,1.6668163292846316,0.0,0.0,0.0012,0.25145,6.9623,18.8204,2001/5
245,2001,6,30.0,0.1240866666666666,0.29672117962286,0.0,0.0,0.0,0.090375,1.4136,3.7225999999999977,2001/6
246,2001,7,31.0,0.1584516129032258,0.4044356428992278,0.0,0.0,0.0,0.0306999999999999,1.8577,4.912,2001/7
247,2001,8,31.0,0.0867516129032258,0.2751188141766726,0.0,0.0,0.0,0.05525,1.4682,2.6893,2001/8
248,2001,9,30.0,0.0731833333333333,0.2648814674181815,0.0,0.0,0.0,0.0,1.392,2.1954999999999987,2001/9
249,2001,10,31.0,0.0966709677419354,0.5364421933402503,0.0,0.0,0.0,0.0,2.9871,2.9967999999999972,2001/10
250,2001,11,30.0,0.00413,0.0163696133546064,0.0,0.0,0.0,0.0,0.0855,0.1239,2001/11
251,2001,12,31.0,0.1198709677419354,0.534085619973395,0.0,0.0,0.0,0.0064,2.9835,3.7159999999999975,2001/12
252,2002,1,31.0,0.0554709677419354,0.1842946213603793,0.0,0.0,0.0,0.00285,0.9788,1.7195999999999974,2002/1
253,2002,2,28.0,0.0095035714285714,0.0373861182609847,0.0,0.0,0.0,2.5e-05,0.1871,0.26609999999999917,2002/2
254,2002,3,31.0,0.1906677419354839,0.3856549981413412,0.0,0.0,0.0,0.13145,1.7031,5.9107,2002/3
255,2002,4,30.0,0.0846533333333333,0.2200006578882535,0.0,0.0,0.0,0.02205,0.9877,2.539599999999999,2002/4
256,2002,5,31.0,0.2988387096774194,1.0056138084697062,0.0,0.0,0.0,0.07455,5.4233,9.264000000000001,2002/5
257,2002,6,30.0,0.1038699999999999,0.2605768311478104,0.0,0.0,0.0,0.0124,1.1894,3.116099999999997,2002/6
258,2002,7,31.0,0.1342516129032258,0.3132783244666715,0.0,0.0,0.0005,0.10385,1.5739,4.1617999999999995,2002/7
259,2002,8,31.0,0.0295516129032258,0.0748412536460462,0.0,0.0,0.0,0.02195,0.389,0.9160999999999998,2002/8
260,2002,9,30.0,0.1442166666666667,0.3362357250740795,0.0,0.0,0.0,0.0257,1.2822,4.3265,2002/9
261,2002,10,31.0,0.2793645161290322,0.6225769315505713,0.0,0.0,0.0,0.14915,2.6007,8.660299999999998,2002/10
262,2002,11,30.0,0.3567666666666665,1.0691796482490143,0.0,0.0,0.0,0.0221,5.3914,10.702999999999996,2002/11
263,2002,12,31.0,0.1584967741935484,0.4204020373276602,0.0,0.0,0.0,0.0117,1.8864,4.9134,2002/12
264,2003,1,31.0,0.0443612903225806,0.1769979673657664,0.0,0.0,0.0,0.0011,0.9469,1.3751999999999986,2003/1
265,2003,2,28.0,0.2826321428571428,0.9350876691137424,0.0,0.0,0.0061,0.13585,4.9075,7.913699999999998,2003/2
266,2003,3,31.0,0.2192258064516128,0.7657309536069623,0.0,0.0,0.0,0.0368,3.6668,6.795999999999997,2003/3
267,2003,4,30.0,0.3238566666666667,0.7952708090843076,0.0,0.0,0.0,0.17065,3.6103,9.7157,2003/4
268,2003,5,31.0,0.5808967741935485,1.1075434969588844,0.0,0.0,0.0416,0.4471,3.9416,18.007800000000003,2003/5
269,2003,6,30.0,0.66249,1.3737095881790928,0.0,0.0,0.04165,0.5478999999999999,5.7859,19.8747,2003/6
270,2003,7,31.0,0.4466419354838709,0.8243969471778317,0.0,0.0,0.0116,0.4442,3.0639,13.845899999999997,2003/7
271,2003,8,31.0,0.2591806451612903,0.7961679527249487,0.0,0.0,0.0002,0.0699,3.5262,8.0346,2003/8
272,2003,9,30.0,0.39284,0.7862948541451688,0.0,0.0,0.00015,0.2067,3.097,11.785200000000001,2003/9
273,2003,10,31.0,0.1645225806451613,0.6613213942351467,0.0,0.0,0.0,0.0047,3.4755,5.1002,2003/10
274,2003,11,30.0,0.5446266666666667,1.626978668010407,0.0,0.0,0.0,0.0610249999999999,6.4616,16.338800000000003,2003/11
275,2003,12,31.0,0.0858838709677419,0.2605370237244274,0.0,0.0,0.0007,0.06105,1.4192,2.662399999999999,2003/12
276,2004,1,31.0,0.0544451612903225,0.1445750827741066,0.0,0.0,0.0,0.00045,0.5459,1.6877999999999975,2004/1
277,2004,2,29.0,0.2352448275862069,1.096675125936251,0.0,0.0,0.0003,0.0159,5.9245,6.822100000000001,2004/2
278,2004,3,31.0,0.1049,0.3050696576193705,0.0,0.0,0.0,0.0017,1.1454,3.2519,2004/3
279,2004,4,30.0,0.1713833333333333,0.4549692949725467,0.0,0.0,0.0,0.002225,2.0318,5.141499999999999,2004/4
280,2004,5,31.0,0.2000999999999999,0.3632681131065594,0.0,0.0,0.0082,0.2138999999999999,1.4442,6.2030999999999965,2004/5
281,2004,6,30.0,0.36972,0.7497502169803413,0.0,0.0,0.0001,0.265175,2.7988,11.0916,2004/6
282,2004,7,31.0,0.261058064516129,0.6878973425224598,0.0,0.0,0.0075,0.20165,3.6116,8.092799999999999,2004/7
283,2004,8,31.0,0.1217064516129032,0.2800238905706487,0.0,0.0,0.0,0.0619,1.3025,3.772899999999999,2004/8
284,2004,9,30.0,2.023426666666667,6.714952588013139,0.0,0.0,0.0,0.0,26.9394,60.70280000000001,2004/9
285,2004,10,31.0,0.1260451612903226,0.5371160699133286,0.0,0.0,0.0,0.0139499999999999,2.9789,3.9074000000000004,2004/10
286,2004,11,30.0,0.2883466666666666,0.7703265038765787,0.0,0.0,0.0,0.00425,3.4181,8.650399999999998,2004/11
287,2004,12,31.0,0.1875967741935484,0.5959455637801553,0.0,0.0,0.0,0.0,3.028,5.8155,2004/12
288,2005,1,31.0,0.2118677419354838,1.0839272870406935,0.0,0.0,0.0,0.00295,6.0469,6.567899999999998,2005/1
289,2005,2,28.0,0.0245571428571428,0.0538890590735326,0.0,0.0,0.0,0.0108,0.2147,0.6875999999999984,2005/2
290,2005,3,31.0,0.1739709677419355,0.5862984661947919,0.0,0.0,0.0012,0.0627,3.2261,5.3931000000000004,2005/3
291,2005,4,30.0,0.09986,0.2822254510872102,0.0,0.0,0.0,0.02155,1.2596,2.9958,2005/4
292,2005,5,31.0,0.0948354838709677,0.4679407081731525,0.0,0.0,0.0,0.0003999999999999,2.6044,2.939899999999999,2005/5
293,2005,6,30.0,0.14751,0.3376694571771998,0.0,0.0,0.0097,0.15435,1.7069,4.4253,2005/6
294,2005,7,31.0,0.306525806451613,0.6945484014656533,0.0,0.0,0.0077,0.1099,2.7567,9.502300000000002,2005/7
295,2005,8,31.0,0.1125193548387096,0.2504124336893769,0.0,0.0,0.0042,0.0812,1.2882,3.4880999999999975,2005/8
296,2005,9,30.0,0.00393,0.017674609686955,0.0,0.0,0.0,0.0,0.0957,0.1179,2005/9
297,2005,10,31.0,0.4068483870967742,1.246897366231069,0.0,0.0,0.0,0.0031999999999999,5.2839,12.6123,2005/10
298,2005,11,30.0,0.2431633333333333,0.8498786406197119,0.0,0.0,0.0,0.000975,4.5453,7.294899999999998,2005/11
299,2005,12,31.0,0.0353193548387096,0.0585795835842422,0.0,0.0,0.0025,0.04815,0.2113,1.0948999999999975,2005/12
300,2006,1,31.0,0.2505548387096774,0.8571502959764251,0.0,0.0,0.0,0.04115,4.6654,7.767199999999999,2006/1
301,2006,2,28.0,0.0410678571428571,0.1490275317680184,0.0,0.0,0.0,0.0015,0.7666,1.1498999999999988,2006/2
302,2006,3,31.0,0.0064,0.0164609031748969,0.0,0.0,0.0,0.00055,0.072,0.19840000000000002,2006/3
303,2006,4,30.0,0.1305333333333333,0.3659337902552519,0.0,0.0,0.00045,0.007625,1.7513,3.915999999999999,2006/4
304,2006,5,31.0,0.0670548387096774,0.2174091746587673,0.0,0.0,0.0,0.00325,1.0233,2.0786999999999995,2006/5
305,2006,6,30.0,0.7048433333333334,1.811359491478104,0.0,0.0,0.0,0.096275,6.9096,21.145300000000002,2006/6
306,2006,7,31.0,0.1453806451612903,0.4258667416139738,0.0,0.0,0.0,0.0188,1.7088,4.506799999999999,2006/7
307,2006,8,31.0,0.1925677419354839,0.6911308869705731,0.0,0.0,0.0002,0.0087,3.4554,5.969600000000001,2006/8
308,2006,9,30.0,0.20102,0.6107894791677972,0.0,0.0,0.0,0.049625,3.1857,6.0306,2006/9
309,2006,10,31.0,0.3741645161290322,0.7925062100906579,0.0,0.0,0.0,0.31,2.9915,11.599099999999998,2006/10
310,2006,11,30.0,0.3693666666666667,1.5100889661695849,0.0,0.0,0.0,0.004175,8.2458,11.081,2006/11
311,2006,12,31.0,0.1215419354838709,0.4420545394512563,0.0,0.0,0.0,5e-05,2.0549,3.767799999999998,2006/12
312,2007,1,31.0,0.1467967741935483,0.5235004791362791,0.0,0.0,0.0,0.0018,2.8286,4.550699999999997,2007/1
313,2007,2,28.0,0.0299392857142857,0.0619092845264909,0.0,0.0,0.0,0.028525,0.2647,0.8382999999999996,2007/2
314,2007,3,31.0,0.2681741935483871,0.8759083387994973,0.0,0.0,0.0,0.0031,4.2118,8.313400000000001,2007/3
315,2007,4,30.0,0.2122766666666667,0.79560195414339,0.0,0.0,0.0,0.0046749999999999,4.1219,6.3683000000000005,2007/4
316,2007,5,31.0,0.0715322580645161,0.1762273311891901,0.0,0.0,0.0,0.0157,0.7286,2.2174999999999994,2007/5
317,2007,6,30.0,0.2652666666666666,0.786918650807379,0.0,0.0,0.0007,0.030125,3.9082,7.9579999999999975,2007/6
318,2007,7,31.0,0.1557967741935483,0.3445110220625467,0.0,0.0,0.0,0.1287,1.3469,4.829699999999997,2007/7
319,2007,8,31.0,0.0443290322580645,0.1063902570525089,0.0,0.0,0.0,0.0104999999999999,0.509,1.3741999999999994,2007/8
320,2007,9,30.0,0.1772233333333333,0.7446039751314848,0.0,0.0,0.0,0.0,3.9167,5.316699999999999,2007/9
321,2007,10,31.0,0.2558354838709677,0.7890535450983399,0.0,0.0,0.0,5e-05,3.3205,7.930899999999999,2007/10
322,2007,11,30.0,0.0062933333333333,0.0188388251579904,0.0,0.0,0.0,0.000675,0.0865,0.188799999999999,2007/11
323,2007,12,31.0,0.0509741935483871,0.1578653835133844,0.0,0.0,0.0,0.0332999999999999,0.8596,1.5802,2007/12
324,2008,1,31.0,0.0228193548387096,0.0535187719051601,0.0,0.0,0.0004,0.00575,0.2419,0.7073999999999976,2008/1
325,2008,2,29.0,0.1650310344827586,0.5133621529426293,0.0,0.0,0.0002,0.0936,2.7198,4.7859,2008/2
326,2008,3,31.0,0.2710225806451612,0.7887673901768834,0.0,0.0,0.0,0.0133499999999999,3.2584,8.401699999999998,2008/3
327,2008,4,30.0,0.4173599999999999,1.4693686945126443,0.0,0.0,0.00015,0.13775,8.0224,12.520799999999998,2008/4
328,2008,5,31.0,0.1844032258064515,0.6700604631841675,0.0,0.0,0.0,0.0177,3.6634,5.716499999999996,2008/5
329,2008,6,30.0,0.2500199999999999,0.6445341982312927,0.0,0.0,0.0012499999999999,0.017125,3.096,7.500599999999997,2008/6
330,2008,7,31.0,0.2568612903225806,1.002136918349124,0.0,0.0,0.0,0.0861,5.5873,7.962699999999998,2008/7
331,2008,8,31.0,0.1806387096774193,0.8155689918404286,0.0,0.0,0.0,0.0016,4.4827,5.599799999999998,2008/8
332,2008,9,30.0,0.1304733333333333,0.5318439425850104,0.0,0.0,0.0,0.00115,2.8511,3.9141999999999992,2008/9
333,2008,10,31.0,0.0295096774193548,0.101094508109454,0.0,0.0,0.0,0.0,0.414,0.9147999999999987,2008/10
334,2008,11,30.0,0.1023799999999999,0.3408887890247472,0.0,0.0,0.0,0.0002749999999999,1.6389,3.071399999999997,2008/11
335,2008,12,31.0,0.1381322580645161,0.5123408340724603,0.0,0.0,0.0001,0.02455,2.7981,4.282099999999999,2008/12
336,2009,1,31.0,0.1895032258064516,0.797570783267905,0.0,0.0,0.0,0.001,4.396,5.874599999999999,2009/1
337,2009,2,28.0,0.0457107142857142,0.1350243663587502,0.0,0.0,0.0,5e-05,0.5985,1.2798999999999976,2009/2
338,2009,3,31.0,0.1267548387096774,0.2371027088819101,0.0,0.0,0.0,0.09295,0.7582,3.9294,2009/3
339,2009,4,30.0,0.1769166666666667,0.529535286234842,0.0,0.0,0.0,0.02665,2.2814,5.307500000000001,2009/4
340,2009,5,31.0,0.4890193548387097,0.8784707752374216,0.0,0.0,0.007,0.53465,3.1235,15.1596,2009/5
341,2009,6,30.0,0.3201733333333333,0.7535458363896851,0.0,0.0,0.0,0.241525,3.3947,9.6052,2009/6
342,2009,7,31.0,0.2056612903225806,0.5157778705847569,0.0,0.0,0.0,0.06275,2.4823,6.375499999999999,2009/7
343,2009,8,31.0,0.1667483870967742,0.4928612291987591,0.0,0.0,0.0004,0.03925,2.5603,5.1692,2009/8
344,2009,9,30.0,0.2594033333333334,0.9670733376188868,0.0,0.0,0.00025,0.0092,4.7685,7.782100000000002,2009/9
345,2009,10,31.0,0.0794032258064516,0.2429098110875323,0.0,0.0,0.0,0.00075,1.0506,2.4614999999999996,2009/10
346,2009,11,30.0,0.4175599999999999,1.294482783838847,0.0,0.0,0.0,0.021575,6.4274,12.526799999999996,2009/11
347,2009,12,31.0,0.3788870967741934,0.782092071622404,0.0,0.0,0.0215,0.33985,3.7051,11.745499999999996,2009/12
348,2010,1,31.0,0.2883129032258064,1.009596357211447,0.0,0.0,0.0,0.0233,4.9174,8.937699999999998,2010/1
349,2010,2,28.0,0.0837214285714285,0.1500706632498636,0.0,0.0009,0.00845,0.0745499999999999,0.5893,2.344199999999998,2010/2
350,2010,3,31.0,0.4180709677419355,1.2748326157300147,0.0,0.0,0.0,0.0071,6.0259,12.9602,2010/3
351,2010,4,30.0,0.1130466666666666,0.3091357002926098,0.0,0.0,0.0,0.0,1.2413,3.391399999999998,2010/4
352,2010,5,31.0,0.1798838709677419,0.4755590815708561,0.0,0.0,0.0,0.0485499999999999,2.1851,5.576399999999999,2010/5
353,2010,6,30.0,0.04577,0.1787883880168261,0.0,0.0,0.0,0.000725,0.9666,1.3731,2010/6
354,2010,7,31.0,0.1269064516129032,0.3308808334687719,0.0,0.0,0.0,0.0584,1.6542,3.9340999999999995,2010/7
355,2010,8,31.0,0.1668709677419355,0.3735678860158694,0.0,0.0,0.0,0.1629499999999999,1.7679,5.173,2010/8
356,2010,9,30.0,0.2770666666666667,0.8842952624911931,0.0,0.0,0.0,0.000725,4.3935,8.312000000000001,2010/9
357,2010,10,31.0,0.0936677419354838,0.308319624618238,0.0,0.0,0.0,0.0006,1.5053,2.903699999999998,2010/10
358,2010,11,30.0,0.0653366666666666,0.2540652081425272,0.0,0.0,0.0,0.0,1.3565,1.960099999999998,2010/11
359,2010,12,31.0,0.2140645161290323,1.1377907120229065,0.0,0.0,0.0,0.00775,6.3421,6.636000000000001,2010/12
360,2011,1,31.0,0.0182548387096774,0.0444245265494162,0.0,0.0,0.0,0.00425,0.1656,0.5658999999999994,2011/1
361,2011,2,28.0,0.1061428571428571,0.3117859895512037,0.0,0.0,0.0,0.00085,1.4008,2.9719999999999986,2011/2
362,2011,3,31.0,0.2214322580645161,0.9313568533371432,0.0,0.0,0.0,0.008,5.1585,6.864399999999999,2011/3
363,2011,4,30.0,0.4368999999999999,1.0790150591771344,0.0,0.0,0.0,0.0515749999999999,4.1367,13.106999999999998,2011/4
364,2011,5,31.0,0.1690387096774193,0.3444922318209023,0.0,0.0,0.0001,0.24275,1.3385,5.240199999999998,2011/5
365,2011,6,30.0,0.1062633333333333,0.4261857483040361,0.0,0.0,0.0,0.037,2.3305,3.187899999999999,2011/6
366,2011,7,31.0,0.2393838709677419,0.7893251793343368,0.0,0.0,0.0,0.0010999999999999,3.7332,7.4209,2011/7
367,2011,8,31.0,0.0562290322580645,0.1818762568223211,0.0,0.0,0.0,0.0002,0.7987,1.7430999999999994,2011/8
368,2011,9,30.0,0.6124233333333333,2.3855699549848524,0.0,0.0,0.00025,0.108375,12.9808,18.3727,2011/9
369,2011,10,31.0,0.1421032258064516,0.4852089827994194,0.0,0.0,0.0,0.0057,2.6256,4.4052,2011/10
370,2011,11,30.0,0.6580733333333334,2.715700475578533,0.0,0.0,0.0,0.001125,14.6183,19.7422,2011/11
371,2011,12,31.0,0.1689129032258064,0.5329757466288908,0.0,0.0,0.0,0.00355,2.7401,5.236299999999998,2011/12
372,2012,1,31.0,0.0688709677419354,0.1972121669565519,0.0,0.0,0.0,0.00595,0.9462,2.134999999999997,2012/1
373,2012,2,29.0,0.3629379310344827,1.5312209529405407,0.0,0.0,0.0,0.0246,8.1502,10.525199999999998,2012/2
374,2012,3,31.0,0.1424903225806451,0.3594236129831935,0.0,0.0,0.0003,0.0278,1.6683,4.417199999999998,2012/3
375,2012,4,30.0,0.1402633333333333,0.4302867996912125,0.0,0.0,0.0,0.0017499999999999,1.72,4.207899999999999,2012/4
376,2012,5,31.0,0.1980419354838709,0.4431515525371982,0.0,0.0,0.0,0.03955,1.9997,6.139299999999998,2012/5
377,2012,6,30.0,0.2555199999999999,0.9515453284000716,0.0,0.0,0.0,0.00535,5.1088,7.665599999999998,2012/6
378,2012,7,31.0,0.0886290322580645,0.3799457138360234,0.0,0.0,0.0004,0.02765,2.1257,2.7474999999999996,2012/7
379,2012,8,31.0,0.0825096774193548,0.3490796493207423,0.0,0.0,0.0,0.0014,1.9408,2.557799999999999,2012/8
380,2012,9,30.0,0.2592399999999999,0.9456372062958576,0.0,0.0,0.0,0.0002749999999999,4.8156,7.777199999999997,2012/9
381,2012,10,31.0,0.0293516129032258,0.0747384054373106,0.0,0.0,0.0,0.00725,0.3141,0.9098999999999997,2012/10
382,2012,11,30.0,0.01158,0.0436500851205868,0.0,0.0,0.0,0.0,0.1734,0.3474,2012/11
383,2012,12,31.0,0.0388870967741935,0.1111490103177876,0.0,0.0,0.0,0.014,0.478,1.2054999999999985,2012/12
384,2013,1,31.0,0.6290387096774194,2.1712926636265046,0.0,0.0,0.0,0.01395,11.643,19.5002,2013/1
385,2013,2,28.0,0.1337464285714285,0.5385577512841627,0.0,0.0,0.0001,0.003525,2.7637,3.7448999999999977,2013/2
386,2013,3,31.0,0.0887322580645161,0.248235120248387,0.0,0.0,0.0,0.0075,1.1231,2.750699999999999,2013/3
387,2013,4,30.0,0.3615733333333333,1.3293393863464498,0.0,0.0,0.0,0.00015,6.9858,10.847199999999999,2013/4
388,2013,5,31.0,0.3264580645161291,1.0181136635216432,0.0,0.0,0.0,0.1206,5.5238,10.1202,2013/5
389,2013,6,30.0,0.2161433333333333,0.5149622401177841,0.0,0.0,0.0002,0.17335,2.5182,6.484299999999999,2013/6
390,2013,7,31.0,0.9552129032258064,2.2560949252697595,0.0,0.0,0.0084,0.5376,11.1814,29.6116,2013/7
391,2013,8,31.0,0.1470387096774193,0.4363578276884079,0.0,0.0,0.0001,0.0746999999999999,2.2006,4.5581999999999985,2013/8
392,2013,9,30.0,0.0528833333333333,0.2039686488474238,0.0,0.0,0.0,7.500000000000001e-05,0.9288,1.5864999999999991,2013/9
393,2013,10,31.0,0.1180064516129032,0.5477792620727704,0.0,0.0,0.0,0.00055,3.0404,3.658199999999999,2013/10
394,2013,11,30.0,0.0956566666666666,0.3280618767153888,0.0,0.0,0.0,0.00275,1.7294,2.869699999999998,2013/11
395,2013,12,31.0,0.2108548387096774,0.5199583572035422,0.0,0.0,0.0,0.03955,1.9974,6.536499999999999,2013/12
396,2014,1,31.0,0.0388258064516129,0.1238305992549012,0.0,0.0,0.0,0.00475,0.5843,1.2035999999999998,2014/1
397,2014,2,28.0,0.2546857142857143,0.6436245476260816,0.0,0.0,0.0001,0.077425,2.7604,7.1312,2014/2
398,2014,3,31.0,0.0793387096774193,0.2305108857551263,0.0,0.0,0.0002,0.02285,1.216,2.459499999999998,2014/3
399,2014,4,30.0,0.2325233333333333,0.6331695936037733,0.0,0.0,0.0,0.00085,2.3352,6.975699999999999,2014/4
400,2014,5,31.0,0.3148967741935484,1.3523569209553792,0.0,0.0,0.0,0.0047,7.2736,9.761800000000001,2014/5
401,2014,6,30.0,0.1996533333333333,0.5143582776111671,0.0,0.0,0.0,0.0507,2.1714,5.9895999999999985,2014/6
402,2014,7,31.0,0.5400903225806452,2.668205462272954,0.0,0.0,0.0,0.01455,14.8706,16.7428,2014/7
403,2014,8,31.0,0.5300000000000001,1.1602923870013686,0.0,0.0,0.0019,0.1697,4.8722,16.430000000000003,2014/8
404,2014,9,30.0,0.08843,0.2799190414363066,0.0,0.0,0.0002,0.011875,1.4024,2.6529,2014/9
405,2014,10,31.0,0.2568741935483871,0.8306954070607514,0.0,0.0,0.0,0.0562,4.3245,7.9631,2014/10
406,2014,11,30.0,0.1949666666666666,0.5982870112379943,0.0,0.0,0.0,0.000525,2.8706,5.8489999999999975,2014/11
407,2014,12,31.0,0.0496516129032258,0.1604873180264155,0.0,0.0,0.0,0.00835,0.7951,1.5391999999999997,2014/12
408,2015,1,31.0,0.0232129032258064,0.0639086782940339,0.0,0.0,0.0,0.00015,0.265,0.7195999999999985,2015/1
409,2015,2,28.0,0.0214071428571428,0.1012183994713134,0.0,0.0,0.0,0.00115,0.5369,0.5993999999999985,2015/2
410,2015,3,31.0,0.1493483870967742,0.4792210115531023,0.0,0.0,0.0,0.02655,2.5529,4.6298,2015/3
411,2015,4,30.0,0.4112066666666667,1.6102851362271289,0.0,0.0,0.0083,0.089225,8.8467,12.336200000000002,2015/4
412,2015,5,31.0,0.1347516129032258,0.3952752145623499,0.0,0.0,0.0,0.0098,1.8232,4.1773,2015/5
413,2015,6,30.0,0.2152833333333333,0.4268769596478133,0.0,0.0,0.0057,0.10385,1.3289,6.458499999999999,2015/6
414,2015,7,31.0,0.2047387096774194,0.4197241702812452,0.0,0.0,0.0,0.15605,1.8928,6.346900000000001,2015/7
415,2015,8,31.0,0.1527129032258064,0.4424741670364763,0.0,0.0,0.0,0.008,2.3163,4.734099999999999,2015/8
416,2015,9,30.0,1.36361,4.167747912933149,0.0,0.0,0.0,0.105575,20.7794,40.9083,2015/9
417,2015,10,31.0,0.4261096774193548,1.3311008605298196,0.0,0.0,0.0,0.003,6.209,13.209399999999999,2015/10
418,2015,11,30.0,0.4194699999999999,1.5494186458486443,0.0,0.0,0.0,0.001875,7.262,12.584099999999998,2015/11
419,2015,12,31.0,0.1710225806451612,0.3942179318682137,0.0,0.0,0.0,0.1292,1.438,5.301699999999998,2015/12
420,2016,1,31.0,0.0923967741935483,0.222692134996383,0.0,0.0,0.0,0.0075,1.0776,2.8642999999999974,2016/1
421,2016,2,29.0,0.2798931034482758,0.8153750639740824,0.0,0.0,0.0,0.0853,4.129,8.116899999999998,2016/2
422,2016,3,31.0,0.1658129032258064,0.6999035851419994,0.0,0.0,0.0,0.0027,3.8907,5.140199999999999,2016/3
423,2016,4,30.0,0.0727733333333333,0.2481408261636835,0.0,0.0,0.0,0.001625,1.3108,2.183199999999999,2016/4
424,2016,5,31.0,0.2490516129032257,0.5669663916382627,0.0,0.0,0.0015,0.09035,2.5489,7.720599999999997,2016/5
425,2016,6,30.0,0.3823,1.242241258704438,0.0,0.0,0.0,0.04635,5.8793,11.469,2016/6
426,2016,7,31.0,0.2255387096774193,0.467920939673516,0.0,0.0,0.0176,0.165,2.0282,6.991699999999998,2016/7
427,2016,8,31.0,0.4272838709677419,1.08245390666971,0.0,0.0,0.0,0.1681,4.6004,13.2458,2016/8
428,2016,9,30.0,0.3633133333333333,0.9042853519476728,0.0,0.0,0.0,0.066425,4.3501,10.8994,2016/9
429,2016,10,31.0,0.4589709677419354,2.239214950705351,0.0,0.0,0.0,0.0,12.463,14.228099999999998,2016/10
430,2016,11,30.0,0.0576533333333333,0.229366556100647,0.0,0.0,0.0,0.0,1.1221,1.729599999999999,2016/11
431,2016,12,31.0,0.1266483870967742,0.4481235260289792,0.0,0.0,0.0,0.02805,2.3672,3.9261000000000004,2016/12
432,2017,1,31.0,0.2639258064516129,1.0451192196643542,0.0,0.0,0.0005,0.0351,5.7617,8.1817,2017/1
433,2017,2,28.0,0.0202571428571428,0.0608164903841507,0.0,0.0,0.0,0.0,0.2675,0.5671999999999984,2017/2
434,2017,3,31.0,0.1252774193548387,0.4247872178786908,0.0,0.0,0.0,0.00245,2.2458,3.8835999999999995,2017/3
435,2017,4,30.0,0.32421,0.736469948517226,0.0,0.0,0.0016,0.09885,2.7145,9.7263,2017/4
436,2017,5,31.0,1.0319548387096775,3.6548428961984794,0.0,0.0,0.0,0.7178500000000001,20.3732,31.990600000000004,2017/5
437,2017,6,30.0,0.2131666666666667,0.7462693016429879,0.0,0.0,0.0,0.042925,4.0378,6.395000000000001,2017/6
438,2017,7,31.0,0.0768,0.1851458686189532,0.0,0.0,0.0,0.0195499999999999,0.6636,2.3808,2017/7
439,2017,8,31.0,0.0729193548387096,0.1969822824847534,0.0,0.0,0.0,0.03095,0.9831,2.2604999999999973,2017/8
440,2017,9,30.0,0.1239233333333333,0.3382385280398652,0.0,0.0,0.0,0.0014,1.3715,3.717699999999999,2017/9
441,2017,10,31.0,0.4681032258064516,1.4853378896138685,0.0,0.0,0.0,0.0034,7.1094,14.511199999999999,2017/10
442,2017,11,30.0,0.01731,0.0503295782644347,0.0,0.0,0.0,0.0004,0.2311,0.5193,2017/11
443,2017,12,31.0,0.0062096774193548,0.0175149146888912,0.0,0.0,0.0,0.00175,0.0897,0.1924999999999988,2017/12
444,2018,1,31.0,0.0386612903225806,0.0874679357533161,0.0,0.0,0.0,0.0102,0.3356,1.1984999999999986,2018/1
445,2018,2,28.0,0.2199428571428572,0.7081031487052922,0.0,0.0,0.0021,0.03095,3.5104,6.158400000000001,2018/2
446,2018,3,31.0,0.128058064516129,0.2796015531361173,0.0,0.0,0.0,0.0390999999999999,1.0585,3.969799999999999,2018/3
447,2018,4,30.0,0.3029499999999999,0.855630387794427,0.0,0.0,0.0,0.0592999999999999,4.2112,9.088499999999996,2018/4
448,2018,5,31.0,0.4775064516129033,1.0740029531106152,0.0,0.0,0.0096,0.2803,3.9555,14.802700000000002,2018/5
449,2018,6,30.0,0.4954366666666666,1.9224926548415056,0.0,0.0,0.0,0.024,10.2546,14.863099999999998,2018/6
450,2018,7,31.0,0.5853612903225807,1.9741530838442125,0.0,0.0,0.0,0.17065,10.7251,18.1462,2018/7
451,2018,8,31.0,0.1143741935483871,0.2827296600025566,0.0,0.0,0.0002,0.1156,1.5042,3.5456,2018/8
452,2018,9,30.0,1.1263633333333336,2.627480918462598,0.0,0.0,0.0134999999999999,1.2164,13.3952,33.79090000000001,2018/9
453,2018,10,31.0,0.7995064516129033,3.668409634063558,0.0,0.0,0.0,0.0477,20.4132,24.784700000000004,2018/10
454,2018,11,30.0,0.22032,0.4470602716443932,0.0,0.0,0.0,0.2214249999999999,2.001,6.6095999999999995,2018/11
455,2018,12,31.0,0.2362483870967742,0.6868283763653371,0.0,0.0,0.0,0.0150999999999999,3.1838,7.3237000000000005,2018/12
